account_id,month_start,total_mrr
A-3c1a3f,2023-12-01,8557.0
A-80eeb6,2024-10-01,1591.0
A-3a5ad8,2024-12-01,1791.0
A-bb2f49,2024-01-01,0.0
A-2ebb4b,2023-06-01,779.0
A-55f257,2024-06-01,1176.0
A-ba6516,2024-03-01,1323.0
A-3c1a3f,2024-10-01,4350.0
A-bcf87c,2024-12-01,7562.0
A-39b19f,2023-02-01,1960.0
A-fda07f,2024-11-01,14074.0
A-ff79f2,2024-12-01,4370.0
A-d82ef9,2024-10-01,1768.0
A-443b7c,2024-11-01,2071.0
A-600734,2024-08-01,798.0
A-2446e3,2024-07-01,1323.0
A-94d3da,2024-09-01,8159.0
A-249769,2024-08-01,12613.0
A-425e76,2024-04-01,152.0
A-fdfc91,2024-08-01,12587.0
A-ac85cd,2024-12-01,18316.0
A-05f0e5,2024-06-01,18308.0
A-bcf87c,2024-07-01,833.0
A-d77f4c,2024-03-01,2483.0
A-f17767,2024-02-01,1078.0
A-42b791,2024-11-01,1135.0
A-7f6b86,2024-01-01,2205.0
A-ab438f,2024-10-01,5970.0
A-659280,2024-05-01,247.0
A-f17767,2024-01-01,539.0
A-054577,2024-09-01,14925.0
A-4e631b,2024-10-01,4796.0
A-3b37d9,2023-07-01,1127.0
A-d792a6,2024-10-01,12935.0
A-d3c88e,2024-10-01,3968.0
A-84ebe4,2024-02-01,882.0
A-0be015,2024-12-01,0.0
A-3cc791,2024-03-01,1194.0
A-d4ac0e,2024-05-01,342.0
A-c16cf7,2024-10-01,7646.0
A-35083d,2024-10-01,931.0
A-32fb14,2024-09-01,494.0
A-313be3,2024-12-01,2303.0
A-d535f6,2024-11-01,1614.0
A-bb1486,2024-11-01,9457.0
A-dec005,2024-11-01,11145.0
A-72799b,2024-04-01,1026.0
A-2446e3,2024-01-01,1323.0
A-10b8da,2024-04-01,0.0
A-560d27,2024-10-01,9591.0
A-6e08f3,2023-07-01,0.0
A-712426,2024-12-01,7667.0
A-ee42db,2023-11-01,627.0
A-a33200,2024-10-01,10585.0
A-6e7827,2024-08-01,2189.0
A-ff79f2,2024-07-01,490.0
A-a7bd4b,2023-03-01,392.0
A-7da956,2024-10-01,2587.0
A-f6b2fb,2024-06-01,4577.0
A-4d1e75,2024-12-01,380.0
A-f9cc74,2024-12-01,0.0
A-f446b6,2023-05-01,570.0
A-b3fe05,2024-10-01,10591.0
A-b7b7b7,2024-10-01,7761.0
A-0dbdc6,2023-11-01,570.0
A-313be3,2024-01-01,9353.0
A-5b1bcd,2024-01-01,15914.0
A-5247b3,2024-11-01,1406.0
A-7c83a1,2024-06-01,5174.0
A-9b9fe9,2024-11-01,13282.0
A-0f6450,2024-12-01,23800.0
A-726cfa,2024-11-01,6435.0
A-bcbe98,2024-09-01,2254.0
A-84ebe4,2024-01-01,0.0
A-9a532a,2024-09-01,2189.0
A-6dee43,2024-05-01,784.0
A-794a0b,2024-07-01,6169.0
A-35083d,2023-11-01,475.0
A-e89151,2024-05-01,152.0
A-592832,2024-10-01,7861.0
A-3a5ad8,2024-01-01,2360.0
A-3793ee,2023-11-01,2401.0
A-4ef964,2024-11-01,1695.0
A-b2225d,2024-05-01,10246.0
A-de58ca,2023-05-01,0.0
A-8145a0,2024-12-01,285.0
A-2446e3,2024-12-01,5373.0
A-98a59a,2023-11-01,3808.0
A-1b9609,2024-02-01,931.0
A-00bed1,2023-11-01,1159.0
A-432483,2023-09-01,1990.0
A-2edab2,2024-07-01,323.0
A-e1b9cd,2024-03-01,760.0
A-1b7577,2024-11-01,3042.0
A-f92792,2024-08-01,7250.0
A-95b24a,2023-10-01,8284.0
A-65c341,2024-11-01,1911.0
A-bb2f49,2024-12-01,1524.0
A-cd458b,2024-10-01,11837.0
A-9779ad,2024-06-01,7960.0
A-1b9609,2024-01-01,1299.0
A-8adedc,2024-09-01,3332.0
A-c9bb3e,2024-09-01,984.0
A-0dbdc6,2024-10-01,11940.0
A-f45426,2024-08-01,380.0
A-7f6b86,2024-12-01,855.0
A-dcc3f1,2024-05-01,494.0
A-6c093d,2024-09-01,343.0
A-3a5ad8,2024-02-01,6169.0
A-4a267b,2024-11-01,0.0
A-7f6b86,2024-07-01,0.0
A-ffdfd5,2024-09-01,4508.0
A-bbc346,2024-10-01,12736.0
A-089363,2023-06-01,98.0
A-5b1bcd,2024-07-01,3577.0
A-d49cc5,2024-09-01,950.0
A-794a0b,2024-02-01,1715.0
A-1f0ac7,2024-05-01,893.0
A-71615e,2024-06-01,2985.0
A-117171,2024-11-01,855.0
A-b44e3e,2024-04-01,3920.0
A-832ec2,2024-05-01,228.0
A-0f3e88,2023-09-01,456.0
A-c4ea60,2024-10-01,882.0
A-6a4e2d,2024-09-01,494.0
A-a6d261,2023-12-01,171.0
A-e1462e,2023-12-01,5771.0
A-5b1bcd,2024-02-01,14527.0
A-684255,2024-05-01,1127.0
A-2b9d3e,2023-11-01,995.0
A-c7ffc2,2024-03-01,5970.0
A-cc102e,2024-12-01,247.0
A-712f1c,2024-03-01,14925.0
A-b9eed8,2024-05-01,588.0
A-1b707d,2024-11-01,456.0
A-94f8c9,2024-04-01,3224.0
A-019782,2023-06-01,833.0
A-f17767,2024-12-01,735.0
A-e43bf7,2023-05-01,8756.0
A-8145a0,2024-02-01,4975.0
A-92a3af,2024-08-01,1666.0
A-151c9a,2024-02-01,4577.0
A-2edab2,2024-12-01,833.0
A-5b1bcd,2024-12-01,3577.0
A-9bfc9f,2024-07-01,5537.0
A-00cac8,2024-12-01,931.0
A-eb7c38,2024-08-01,0.0
A-3ce5b8,2024-02-01,392.0
A-ee42db,2024-10-01,0.0
A-acb7f7,2024-08-01,1568.0
A-6c093d,2023-04-01,285.0
A-cab532,2023-07-01,2189.0
A-8ae3fc,2024-07-01,589.0
A-271f46,2023-07-01,722.0
A-241e75,2024-07-01,2254.0
A-417d2f,2024-03-01,637.0
A-cbbe12,2023-08-01,1960.0
A-812c5b,2024-04-01,0.0
A-a1bbb6,2023-12-01,2189.0
A-e08cd3,2024-11-01,16616.0
A-474ad4,2024-09-01,392.0
A-9bfc9f,2024-01-01,1007.0
A-40a557,2024-03-01,10945.0
A-8145a0,2024-01-01,190.0
A-49b828,2024-08-01,686.0
A-5a3eb9,2024-05-01,3582.0
A-bb2f49,2024-02-01,784.0
A-751c58,2024-10-01,2205.0
A-3793ee,2024-10-01,9751.0
A-8ae3fc,2024-12-01,380.0
A-3b5cd1,2024-03-01,637.0
A-b30291,2024-05-01,95.0
A-58b9ff,2024-08-01,98.0
A-0f3e88,2023-08-01,133.0
A-e1462e,2024-10-01,0.0
A-a1bbb6,2024-10-01,0.0
A-7f4db3,2024-12-01,4776.0
A-4ae22a,2024-05-01,5572.0
A-462d45,2024-11-01,2989.0
A-ccc747,2024-07-01,784.0
A-ad64c6,2024-11-01,5572.0
A-a865bd,2024-01-01,1862.0
A-d42431,2024-06-01,418.0
A-c222ab,2024-09-01,6368.0
A-95b24a,2024-09-01,722.0
A-42e5e1,2024-11-01,490.0
A-92a333,2023-08-01,6738.0
A-9f0b68,2024-09-01,2587.0
A-81edc3,2024-06-01,2465.0
A-98a59a,2024-10-01,2744.0
A-313be3,2024-07-01,0.0
A-e36807,2024-10-01,0.0
A-4c38bc,2024-11-01,7164.0
A-e6afc1,2024-05-01,49.0
A-90a8c8,2024-11-01,1127.0
A-f5641b,2024-04-01,6169.0
A-e7a1e2,2024-11-01,2669.0
A-e19ff6,2024-03-01,392.0
A-dec005,2024-03-01,4179.0
A-95b24a,2024-06-01,1862.0
A-7dacce,2024-09-01,4975.0
A-ef84cf,2024-07-01,437.0
A-faa28c,2024-07-01,912.0
A-32728c,2023-05-01,980.0
A-c7e58b,2024-07-01,1944.0
A-5b4ebb,2024-10-01,11459.0
A-2d4502,2024-11-01,6236.0
A-940b8b,2024-04-01,7544.0
A-533452,2024-12-01,3391.0
A-425e76,2023-06-01,2124.0
A-9ee962,2024-06-01,5771.0
A-96e141,2024-08-01,10036.0
A-4e44e8,2024-08-01,1102.0
A-faa28c,2024-02-01,15089.0
A-328bd0,2024-02-01,684.0
A-c37601,2024-11-01,2690.0
A-df10db,2024-07-01,0.0
A-e7beab,2024-12-01,1176.0
A-118d55,2024-11-01,10633.0
A-80eeb6,2023-08-01,18988.0
A-98a59a,2023-09-01,3808.0
A-ee42db,2023-08-01,418.0
A-bd4708,2024-12-01,16539.0
A-cc98bc,2023-06-01,2793.0
A-50f3f7,2024-06-01,1519.0
A-8bde0c,2024-12-01,33022.0
A-37f969,2023-12-01,1470.0
A-fa2041,2024-06-01,2548.0
A-9174e0,2024-12-01,53976.0
A-1619f8,2024-11-01,8294.0
A-5247b3,2024-03-01,3184.0
A-96215d,2024-09-01,6803.0
A-30b4ca,2024-07-01,4214.0
A-39868b,2024-06-01,1962.0
A-ccabf0,2024-10-01,0.0
A-b54c01,2024-12-01,551.0
A-9f0b68,2024-06-01,1990.0
A-d49cc5,2024-06-01,950.0
A-f51f16,2024-05-01,7761.0
A-6da850,2024-08-01,0.0
A-eb1312,2024-11-01,6675.0
A-4c38bc,2024-03-01,684.0
A-3c1a3f,2023-08-01,0.0
A-781cc0,2024-09-01,10426.0
A-e98302,2024-02-01,6766.0
A-dfbd31,2024-10-01,3626.0
A-7a0d69,2024-08-01,735.0
A-558c72,2024-06-01,1463.0
A-2d1036,2024-08-01,6762.0
A-a7bd4b,2023-11-01,0.0
A-f97b9a,2024-11-01,2646.0
A-1ac5e0,2024-10-01,627.0
A-b07346,2024-12-01,20298.0
A-d62e02,2024-11-01,8671.0
A-fabe19,2024-11-01,7164.0
A-6f8ad2,2024-12-01,3131.0
A-6f8ad2,2024-07-01,0.0
A-e888d1,2024-12-01,833.0
A-db5e9e,2024-11-01,969.0
A-c9bb3e,2024-06-01,530.0
A-202b67,2024-07-01,2398.0
A-4a4c2d,2024-02-01,2646.0
A-cab532,2024-05-01,1166.0
A-c43359,2024-11-01,3306.0
A-b9f5b1,2024-05-01,0.0
A-ffdfd5,2024-06-01,399.0
A-82861f,2024-11-01,8159.0
A-71615e,2024-09-01,6368.0
A-700ade,2024-11-01,15876.0
A-faa28c,2024-12-01,2352.0
A-df1e44,2024-04-01,588.0
A-1f0636,2024-10-01,1995.0
A-c608c8,2023-06-01,597.0
A-798a3f,2024-03-01,798.0
A-40a557,2024-11-01,1568.0
A-f3ff05,2024-10-01,9590.0
A-d792a6,2023-09-01,95.0
A-54d94a,2023-12-01,2368.0
A-ccabf0,2023-11-01,15954.0
A-dfbd31,2023-12-01,0.0
A-dbc825,2024-10-01,10945.0
A-432483,2023-12-01,12871.0
A-029f69,2024-12-01,1478.0
A-87aa7b,2024-10-01,4776.0
A-0a282f,2024-09-01,1194.0
A-8ed5dd,2024-09-01,437.0
A-328bd0,2024-12-01,882.0
A-7c5768,2024-10-01,57.0
A-e7beab,2024-01-01,0.0
A-1d5444,2024-09-01,0.0
A-54d94a,2024-10-01,2646.0
A-45ce7a,2024-09-01,304.0
A-484819,2024-05-01,5516.0
A-038089,2024-06-01,245.0
A-3b37d9,2024-05-01,0.0
A-9badbd,2024-10-01,3773.0
A-e98302,2024-01-01,882.0
A-bd4513,2024-11-01,32054.0
A-65a46c,2024-03-01,16719.0
A-977ca0,2023-04-01,5341.0
A-fe79a5,2024-12-01,3582.0
A-22d9d2,2024-04-01,2842.0
A-2e3bad,2024-04-01,1159.0
A-ba6516,2024-11-01,6696.0
A-d42431,2024-09-01,418.0
A-ac14bb,2024-07-01,532.0
A-ad296b,2024-09-01,7562.0
A-b07b56,2024-11-01,5100.0
A-08e34e,2024-11-01,5771.0
A-54d94a,2023-11-01,0.0
A-2bc93d,2023-07-01,3166.0
A-d4e0d4,2024-12-01,29016.0
A-068fc6,2023-10-01,1715.0
A-6f50ae,2024-05-01,1292.0
A-271f46,2024-05-01,7562.0
A-ced9aa,2024-11-01,1073.0
A-0f3e88,2023-12-01,304.0
A-c62e55,2024-04-01,152.0
A-ac14bb,2024-02-01,399.0
A-1986ca,2023-11-01,0.0
A-09540c,2024-12-01,3283.0
A-52dd88,2024-12-01,1470.0
A-922109,2024-09-01,392.0
A-56962b,2024-05-01,0.0
A-6e08f3,2024-05-01,3980.0
A-7d514c,2024-04-01,6766.0
A-51ec1b,2024-08-01,3582.0
A-ccabf0,2023-12-01,1029.0
A-e98302,2024-07-01,1127.0
A-bd4708,2024-07-01,7363.0
A-3b5cd1,2024-11-01,2587.0
A-d77f4c,2024-11-01,5771.0
A-0f3e88,2024-10-01,209.0
A-158f4e,2023-10-01,2989.0
A-d27f50,2024-10-01,8756.0
A-157070,2024-08-01,3184.0
A-ccb686,2024-10-01,1421.0
A-462d45,2024-03-01,882.0
A-756192,2024-11-01,798.0
A-328bd0,2024-07-01,3582.0
A-342303,2024-05-01,323.0
A-cbbe12,2023-12-01,0.0
A-65c341,2024-03-01,16716.0
A-158f4e,2024-09-01,1159.0
A-d792a6,2023-08-01,399.0
A-31ab9a,2024-10-01,2786.0
A-eb7fac,2024-10-01,494.0
A-05f0e5,2023-10-01,1216.0
A-81edc3,2024-09-01,8756.0
A-7c83a1,2024-09-01,588.0
A-ac14bb,2024-01-01,14129.0
A-a1bbb6,2023-08-01,1791.0
A-3be56b,2024-06-01,0.0
A-4a4c2d,2024-07-01,1026.0
A-7df7a7,2023-02-01,343.0
A-7f8241,2023-06-01,6766.0
A-7c4956,2024-12-01,513.0
A-37f969,2023-11-01,969.0
A-13466a,2024-02-01,7960.0
A-054577,2024-06-01,2361.0
A-4a4c2d,2024-12-01,2646.0
A-e61e98,2024-08-01,361.0
A-a45270,2024-08-01,4508.0
A-34d880,2024-10-01,1791.0
A-ad64c6,2024-03-01,2388.0
A-9779ad,2024-09-01,1960.0
A-35083d,2023-08-01,7562.0
A-86902e,2024-11-01,646.0
A-eb7fac,2023-12-01,588.0
A-977ca0,2023-10-01,209.0
A-e7beab,2024-07-01,2793.0
A-e98302,2024-12-01,2842.0
A-1e50e0,2024-05-01,931.0
A-8adedc,2024-06-01,361.0
A-2b9d3e,2023-09-01,209.0
A-10b8da,2023-06-01,266.0
A-ce66f8,2023-08-01,551.0
A-a1b80b,2024-05-01,0.0
A-59f724,2024-08-01,0.0
A-d792a6,2023-03-01,0.0
A-726cfa,2024-03-01,2189.0
A-f17767,2023-09-01,1274.0
A-f5641b,2024-11-01,589.0
A-a1b80b,2024-08-01,1568.0
A-40906c,2024-06-01,24564.0
A-31ab9a,2024-12-01,8557.0
A-ac9111,2024-08-01,5208.0
A-e60f9d,2024-11-01,18128.0
A-b20d99,2024-01-01,4360.0
A-d5a319,2023-10-01,0.0
A-157070,2024-05-01,513.0
A-eb7fac,2024-07-01,2786.0
A-bb1eaa,2024-12-01,1225.0
A-5b4ebb,2024-12-01,1470.0
A-0e966d,2024-08-01,0.0
A-4ef964,2024-04-01,3383.0
A-692f18,2024-09-01,0.0
A-39b19f,2024-09-01,0.0
A-d27f50,2024-12-01,22136.0
A-eb7fac,2024-02-01,27064.0
A-ccb686,2024-02-01,3234.0
A-9bfc9f,2023-09-01,2597.0
A-b54c01,2024-10-01,2842.0
A-94f8c9,2024-11-01,5970.0
A-6f8ad2,2024-10-01,2178.0
A-df10db,2024-10-01,2388.0
A-02fac6,2024-05-01,8546.0
A-4a4c2d,2024-10-01,1026.0
A-993085,2024-06-01,1519.0
A-c16b88,2024-11-01,4577.0
A-b9f5b1,2024-08-01,817.0
A-f19409,2024-09-01,5704.0
A-ccb686,2024-12-01,2199.0
A-2e3bad,2024-03-01,0.0
A-0aaf6e,2024-12-01,21682.0
A-1f0636,2024-02-01,0.0
A-eb7fac,2024-01-01,343.0
A-cb5333,2024-09-01,11418.0
A-4c56c9,2024-09-01,7164.0
A-34d880,2024-07-01,7651.0
A-56962b,2024-08-01,3097.0
A-52dd88,2023-12-01,1311.0
A-0f7d77,2024-12-01,1673.0
A-92a333,2024-02-01,686.0
A-7d514c,2024-03-01,323.0
A-5b1bcd,2023-09-01,1387.0
A-ed510f,2024-04-01,16716.0
A-4814a3,2024-11-01,43152.0
A-0b0d6d,2024-12-01,33491.0
A-5247b3,2024-04-01,0.0
A-e51ec7,2024-05-01,196.0
A-af0cd2,2024-05-01,931.0
A-e2cd1b,2024-05-01,2985.0
A-ffc04f,2024-11-01,2313.0
A-883b7d,2024-04-01,3431.0
A-503d5a,2023-10-01,931.0
A-f19409,2023-04-01,2156.0
A-13466a,2023-11-01,38.0
A-fd7ad3,2024-11-01,892.0
A-0f3e88,2024-12-01,343.0
A-e7beab,2023-12-01,2189.0
A-d4e0d4,2024-10-01,54522.0
A-7c4956,2023-12-01,995.0
A-328bd0,2023-12-01,1911.0
A-7c4956,2023-11-01,0.0
A-bc87bc,2024-09-01,342.0
A-c7e58b,2023-12-01,1393.0
A-1986ca,2024-01-01,3980.0
A-9208f0,2023-05-01,2786.0
A-9badbd,2024-12-01,14129.0
A-34ea2f,2024-11-01,4958.0
A-f03140,2024-03-01,5373.0
A-2f6a32,2024-09-01,361.0
A-94c3cd,2024-07-01,1813.0
A-7cfe77,2024-11-01,3381.0
A-94c3cd,2024-01-01,0.0
A-10b8f2,2024-08-01,0.0
A-5b4ebb,2024-07-01,950.0
A-5a92e7,2024-06-01,1592.0
A-dfbd31,2024-12-01,1981.0
A-9badbd,2024-07-01,5970.0
A-ccabf0,2024-01-01,2587.0
A-7f4db3,2023-03-01,1788.0
A-54d94a,2024-12-01,1836.0
A-1ac5e0,2024-12-01,0.0
A-adc1f3,2024-08-01,2786.0
A-dbc825,2024-07-01,14264.0
A-86fc1d,2024-08-01,8316.0
A-59f724,2024-05-01,1225.0
A-8145a0,2023-08-01,796.0
A-cbbe12,2024-12-01,7960.0
A-4c38bc,2024-04-01,8532.0
A-432483,2024-01-01,8159.0
A-462d45,2024-04-01,1159.0
A-970c97,2024-12-01,1444.0
A-df1e44,2024-03-01,0.0
A-44dc83,2024-11-01,0.0
A-78f02b,2024-12-01,9310.0
A-0aaf6e,2024-07-01,0.0
A-d5a319,2024-09-01,6169.0
A-22d9d2,2024-03-01,152.0
A-bbe56f,2024-10-01,418.0
A-bd4708,2024-10-01,5194.0
A-e3bd71,2024-03-01,12338.0
A-5a215a,2024-05-01,34626.0
A-b78bf8,2024-11-01,8811.0
A-30b4ca,2024-10-01,1634.0
A-40de06,2024-06-01,0.0
A-94c3cd,2024-12-01,6368.0
A-970c97,2024-07-01,6258.0
A-427b69,2024-09-01,6056.0
A-794a0b,2023-08-01,0.0
A-9077b0,2024-11-01,2786.0
A-96e141,2024-05-01,2786.0
A-0f3e88,2024-01-01,1078.0
A-a8d89d,2024-09-01,3081.0
A-aa9511,2023-10-01,1564.0
A-d27f50,2024-07-01,8756.0
A-bb1eaa,2024-07-01,798.0
A-b7ef83,2024-11-01,8908.0
A-526d93,2024-09-01,8557.0
A-f3ff05,2024-12-01,570.0
A-f51f16,2024-08-01,38.0
A-5ed98d,2024-06-01,4776.0
A-b20d99,2024-07-01,380.0
A-32728c,2024-09-01,798.0
A-6e08f3,2024-08-01,882.0
A-4a4c2d,2023-12-01,10746.0
A-ad3abd,2024-03-01,836.0
A-3932db,2024-03-01,779.0
A-fdfc91,2023-07-01,551.0
A-df10db,2023-12-01,343.0
A-65a46c,2024-04-01,1791.0
A-0f3e88,2024-02-01,2189.0
A-ae052e,2024-09-01,1911.0
A-e43bf7,2024-06-01,2156.0
A-202b67,2024-10-01,5771.0
A-aa9511,2024-09-01,0.0
A-029f69,2024-10-01,0.0
A-296d7c,2024-06-01,38.0
A-eb2fdc,2024-06-01,589.0
A-dcc2f0,2024-09-01,735.0
A-a7bd4b,2024-01-01,912.0
A-e61e98,2024-05-01,931.0
A-87aa7b,2024-07-01,1064.0
A-54d94a,2024-01-01,2548.0
A-7f6b86,2023-08-01,0.0
A-96bbc6,2024-05-01,3822.0
A-92a333,2024-07-01,1444.0
A-7e0a10,2024-03-01,9154.0
A-855a48,2024-06-01,266.0
A-bb3bd4,2024-06-01,437.0
A-625d0b,2024-09-01,0.0
A-cb6cc6,2024-03-01,637.0
A-7c5768,2024-12-01,0.0
A-de58ca,2024-06-01,735.0
A-ff3c73,2023-07-01,0.0
A-8145a0,2023-09-01,4776.0
A-8b0451,2024-09-01,779.0
A-dbc825,2024-01-01,7562.0
A-0cc442,2024-08-01,8955.0
A-e888d1,2024-10-01,3781.0
A-ccabf0,2024-07-01,98.0
A-7c5768,2024-07-01,57.0
A-dfbd31,2024-07-01,686.0
A-5c046d,2024-11-01,18507.0
A-54d94a,2024-07-01,513.0
A-dfbd31,2024-02-01,2786.0
A-c62e55,2024-03-01,1176.0
A-7920cc,2024-09-01,741.0
A-00cac8,2023-09-01,392.0
A-812c5b,2024-11-01,2394.0
A-7641d3,2024-06-01,392.0
A-1b707d,2024-04-01,3781.0
A-f17767,2023-03-01,1194.0
A-54d94a,2024-02-01,1323.0
A-37f969,2024-01-01,5970.0
A-dcc2f0,2023-10-01,285.0
A-9f2731,2024-10-01,0.0
A-354f12,2024-10-01,1791.0
A-fce879,2024-09-01,627.0
A-84ebe4,2023-08-01,4179.0
A-32728c,2023-04-01,980.0
A-1f0636,2024-07-01,1995.0
A-19b2c8,2023-06-01,1617.0
A-751bd4,2024-09-01,190.0
A-a0ca4e,2024-09-01,2401.0
A-87aa7b,2024-12-01,2499.0
A-5f2961,2024-12-01,8906.0
A-a0ca4e,2024-03-01,2388.0
A-d4ac0e,2024-07-01,3980.0
A-098560,2024-11-01,796.0
A-d82ef9,2024-08-01,5174.0
A-310452,2024-12-01,11003.0
A-ce550d,2024-10-01,6965.0
A-69b156,2024-12-01,152.0
A-88c6ca,2024-12-01,4459.0
A-6dee43,2024-01-01,228.0
A-eb2fdc,2024-11-01,9207.0
A-1e6fc3,2024-12-01,199.0
A-49b828,2023-12-01,6169.0
A-104f1a,2024-12-01,2998.0
A-69b156,2024-01-01,5572.0
A-ff79f2,2024-05-01,228.0
A-66224b,2024-12-01,26312.0
A-e888d1,2023-07-01,0.0
A-7988d1,2024-08-01,8184.0
A-439b2f,2024-04-01,0.0
A-86cdb4,2024-12-01,1703.0
A-94f8c9,2024-06-01,1406.0
A-89ee83,2024-10-01,9195.0
A-5a3eb9,2024-12-01,882.0
A-684255,2024-07-01,1151.0
A-832ec2,2024-01-01,0.0
A-e6afc1,2024-12-01,0.0
A-acb7f7,2024-10-01,0.0
A-cd458b,2024-08-01,10284.0
A-2ebb4b,2023-10-01,14944.0
A-ccc747,2024-05-01,0.0
A-98a59a,2024-08-01,11144.0
A-b7b7b7,2024-08-01,3283.0
A-00bed1,2024-08-01,3136.0
A-eb7c38,2024-10-01,7060.0
A-977ca0,2024-04-01,0.0
A-297a2d,2024-11-01,5373.0
A-e6afc1,2024-07-01,3184.0
A-49b828,2024-10-01,490.0
A-cdf020,2023-12-01,1519.0
A-7641d3,2024-11-01,974.0
A-b30291,2024-12-01,245.0
A-1e6fc3,2024-01-01,0.0
A-68f37c,2024-03-01,1273.0
A-cc102e,2024-05-01,2552.0
A-0532a9,2024-11-01,5569.0
A-3a5ad8,2024-05-01,2246.0
A-751c58,2024-08-01,2352.0
A-8ae05d,2024-07-01,1634.0
A-a2485e,2024-11-01,1022.0
A-fa3095,2023-12-01,31290.0
A-c37cab,2024-09-01,570.0
A-089363,2023-10-01,0.0
A-544d0a,2024-09-01,14157.0
A-922109,2024-04-01,1515.0
A-c16b88,2024-06-01,10082.0
A-410e86,2024-12-01,6408.0
A-6e7827,2024-10-01,2450.0
A-f1f639,2023-08-01,995.0
A-fb186e,2024-11-01,0.0
A-67be94,2023-11-01,779.0
A-2bc93d,2024-12-01,1715.0
A-2e3bad,2024-09-01,12139.0
A-9c18c4,2023-12-01,6509.0
A-4a4c2d,2023-07-01,3078.0
A-b7ef83,2024-06-01,6707.0
A-c58f49,2024-09-01,13930.0
A-e693b6,2024-11-01,10945.0
A-a09355,2024-09-01,6705.0
A-e89151,2024-02-01,1592.0
A-a865bd,2024-05-01,7562.0
A-8145a0,2024-05-01,0.0
A-7d514c,2024-09-01,3383.0
A-016043,2024-11-01,4985.0
A-bcf664,2024-12-01,2303.0
A-296d7c,2024-11-01,692.0
A-f25509,2024-06-01,0.0
A-f44180,2023-12-01,1791.0
A-b11cd0,2023-02-01,494.0
A-3932db,2024-09-01,3781.0
A-2bc93d,2024-02-01,686.0
A-4ae22a,2024-07-01,1194.0
A-b2225d,2024-12-01,893.0
A-5f7781,2024-09-01,4796.0
A-9c18c4,2024-10-01,2189.0
A-1f7acb,2023-10-01,2432.0
A-716841,2024-11-01,8955.0
A-40906c,2024-11-01,27324.0
A-df1e44,2024-09-01,2388.0
A-9779ad,2024-04-01,7960.0
A-4f18f0,2024-07-01,6408.0
A-5a184f,2024-10-01,19.0
A-9f9299,2024-07-01,7672.0
A-659280,2024-07-01,247.0
A-32728c,2024-03-01,0.0
A-58b9ff,2024-10-01,646.0
A-659280,2024-02-01,2683.0
A-44dc83,2024-06-01,456.0
A-f5641b,2024-06-01,0.0
A-779e4e,2023-01-01,3753.0
A-1b9609,2024-05-01,196.0
A-503d5a,2024-03-01,2141.0
A-9c18c4,2023-11-01,2388.0
A-92a3af,2024-10-01,4998.0
A-1f0ac7,2024-12-01,1176.0
A-4e631b,2024-08-01,418.0
A-6dee43,2024-07-01,437.0
A-e3bd71,2023-04-01,6169.0
A-cb6cc6,2023-04-01,0.0
A-1f559b,2024-10-01,190.0
A-812c5b,2024-06-01,0.0
A-45ce7a,2024-04-01,418.0
A-dcc2f0,2024-03-01,1078.0
A-249769,2024-10-01,686.0
A-6e7827,2023-11-01,49.0
A-afa505,2024-08-01,3430.0
A-1d5444,2024-04-01,6144.0
A-af0cd2,2023-01-01,931.0
A-8ed5dd,2024-04-01,995.0
A-1f559b,2023-12-01,549.0
A-cdf020,2024-10-01,6733.0
A-1f0ac7,2024-02-01,4776.0
A-832ec2,2024-02-01,3781.0
A-4e960a,2024-08-01,588.0
A-ee42db,2024-08-01,2587.0
A-e89151,2024-12-01,8756.0
A-ff3c73,2024-10-01,399.0
A-5a184f,2023-11-01,2009.0
A-1f0ac7,2024-07-01,0.0
A-068fc6,2024-04-01,6965.0
A-cb6cc6,2024-09-01,247.0
A-b3fe05,2024-08-01,9950.0
A-779e4e,2023-03-01,1029.0
A-ffc04f,2024-06-01,2587.0
A-692f18,2024-03-01,5771.0
A-5ed98d,2024-11-01,2548.0
A-cc8c8f,2024-10-01,437.0
A-4ae22a,2024-12-01,532.0
A-7f8241,2024-06-01,7164.0
A-02cd81,2024-08-01,2992.0
A-7c4956,2023-07-01,95.0
A-558c72,2023-06-01,784.0
A-94d3da,2023-06-01,12177.0
A-bbc346,2024-08-01,4761.0
A-c45b23,2024-11-01,343.0
A-659280,2024-12-01,0.0
A-600734,2024-10-01,1421.0
A-832ec2,2024-07-01,589.0
A-7df7a7,2024-11-01,133.0
A-bcf664,2024-01-01,1045.0
A-7f6b86,2024-05-01,855.0
A-b9eed8,2024-07-01,637.0
A-019782,2023-10-01,209.0
A-8ae05d,2024-12-01,4214.0
A-3ce5b8,2024-05-01,703.0
A-bad8c1,2024-03-01,152.0
A-1f7acb,2024-09-01,12736.0
A-d4ac0e,2024-12-01,882.0
A-684255,2024-12-01,0.0
A-5a184f,2023-12-01,4378.0
A-2b9d3e,2024-08-01,532.0
A-40de06,2024-11-01,532.0
A-ad3abd,2023-04-01,836.0
A-c608c8,2024-06-01,2189.0
A-39b19f,2024-03-01,8159.0
A-35083d,2024-08-01,3781.0
A-f92792,2024-10-01,735.0
A-7da956,2024-08-01,247.0
A-c1e51e,2024-10-01,2919.0
A-b179bf,2024-10-01,0.0
A-940b8b,2024-09-01,833.0
A-4f18f0,2024-12-01,456.0
A-9ee962,2023-06-01,441.0
A-186a44,2024-03-01,380.0
A-7920cc,2024-03-01,10746.0
A-20736a,2024-05-01,2450.0
A-05f0e5,2024-04-01,6368.0
A-7f29a7,2024-09-01,779.0
A-b44e3e,2024-06-01,7960.0
A-5a92e7,2024-11-01,441.0
A-dcc3f1,2024-01-01,2499.0
A-ae052e,2024-03-01,1911.0
A-f45426,2024-10-01,171.0
A-f03140,2024-02-01,1323.0
A-2e3bad,2024-12-01,1159.0
A-49b828,2023-05-01,465.0
A-7f29a7,2024-12-01,11726.0
A-9affe6,2024-06-01,2587.0
A-296d7c,2024-08-01,784.0
A-65a46c,2024-10-01,0.0
A-443f6f,2024-12-01,13594.0
A-544d0a,2024-07-01,995.0
A-bcf664,2023-10-01,0.0
A-e83938,2024-06-01,283.0
A-e08cd3,2024-10-01,46565.0
A-2e4581,2024-12-01,6816.0
A-4a267b,2024-10-01,13762.0
A-9b9fe9,2024-10-01,2508.0
A-22d9d2,2024-07-01,1984.0
A-d4ac0e,2024-09-01,1007.0
A-ccabf0,2024-03-01,2189.0
A-91e948,2024-01-01,0.0
A-50f3f7,2024-05-01,3038.0
A-a2485e,2024-08-01,4370.0
A-592832,2024-11-01,2106.0
A-7da956,2024-11-01,4212.0
A-443b7c,2024-10-01,6657.0
A-bc4d48,2024-07-01,2380.0
A-331424,2024-05-01,2189.0
A-4c38bc,2024-10-01,7848.0
A-6c093d,2024-05-01,285.0
A-779e4e,2023-02-01,931.0
A-c37cab,2024-12-01,1074.0
A-d82ef9,2024-11-01,988.0
A-5a92e7,2024-08-01,2303.0
A-4437e4,2024-08-01,4260.0
A-2b9d3e,2024-11-01,2107.0
A-0158bb,2024-10-01,0.0
A-c7ffc2,2023-09-01,570.0
A-b30291,2024-09-01,779.0
A-054577,2024-05-01,2744.0
A-a33200,2024-11-01,8086.0
A-7c5768,2024-03-01,995.0
A-0baac2,2024-12-01,5933.0
A-bb2f49,2023-06-01,3332.0
A-f44180,2023-05-01,17711.0
A-19b2c8,2023-08-01,798.0
A-7e0a10,2024-07-01,874.0
A-1f7acb,2024-07-01,15872.0
A-b3fe05,2024-11-01,570.0
A-4ae22a,2024-09-01,532.0
A-c37cab,2024-07-01,4179.0
A-eafc6e,2024-10-01,0.0
A-560d27,2024-11-01,874.0
A-970c97,2024-03-01,5572.0
A-c62e55,2024-02-01,3577.0
A-13466a,2024-04-01,0.0
A-e1462e,2024-11-01,285.0
A-832ec2,2024-09-01,0.0
A-e693b6,2024-08-01,0.0
A-c4ea60,2024-11-01,3582.0
A-e3bd71,2024-02-01,12338.0
A-42b791,2024-10-01,15438.0
A-84ebe4,2023-06-01,3582.0
A-31ab9a,2024-03-01,285.0
A-e19ff6,2024-10-01,3234.0
A-a1b80b,2024-06-01,3545.0
A-bbc346,2024-11-01,4541.0
A-8adedc,2024-05-01,171.0
A-b48f73,2024-12-01,21360.0
A-417d2f,2023-08-01,703.0
A-dbc825,2024-03-01,931.0
A-ab438f,2024-11-01,7164.0
A-019782,2024-12-01,0.0
A-b7b7b7,2024-11-01,2205.0
A-c62e55,2024-12-01,686.0
A-c7e58b,2024-04-01,1990.0
A-65c341,2024-10-01,4378.0
A-4e631b,2024-11-01,6010.0
A-089363,2024-07-01,1274.0
A-bbe56f,2024-04-01,1029.0
A-90a8c8,2024-10-01,735.0
A-118f1c,2024-12-01,39424.0
A-a09355,2024-12-01,4746.0
A-337bc1,2024-09-01,4214.0
A-1b707d,2023-11-01,3527.0
A-54ecc2,2024-09-01,457.0
A-2bc93d,2024-09-01,3603.0
A-c16cf7,2024-11-01,2587.0
A-eb7fac,2024-03-01,1393.0
A-7d514c,2024-12-01,3383.0
A-c45b23,2024-08-01,0.0
A-df1e44,2024-12-01,1253.0
A-5ed98d,2024-08-01,1176.0
A-40de06,2024-08-01,1372.0
A-7d514c,2024-07-01,8557.0
A-f03140,2024-07-01,6608.0
A-bcf664,2024-09-01,114.0
A-c7ffc2,2023-08-01,1083.0
A-7d514c,2024-02-01,0.0
A-089363,2024-01-01,2985.0
A-7e0a10,2024-01-01,874.0
A-993085,2024-08-01,589.0
A-afa505,2024-11-01,13930.0
A-d3c88e,2024-11-01,3968.0
A-5247b3,2024-10-01,1126.0
A-8e47ca,2024-05-01,3980.0
A-fda07f,2024-10-01,5525.0
A-9123ac,2024-10-01,5572.0
A-2ebb4b,2024-12-01,2009.0
A-f97b9a,2023-09-01,0.0
A-544d0a,2024-12-01,436.0
A-b2225d,2024-09-01,2303.0
A-e3bd71,2024-12-01,1519.0
A-104f1a,2024-09-01,7987.0
A-b20d99,2024-03-01,646.0
A-9123ac,2023-12-01,8358.0
A-726cfa,2023-11-01,1078.0
A-7e0a10,2024-02-01,11408.0
A-2e3bad,2024-01-01,5978.0
A-a6d261,2024-11-01,247.0
A-d535f6,2024-10-01,0.0
A-016043,2024-08-01,114.0
A-c62e55,2024-01-01,190.0
A-1b7577,2024-10-01,1791.0
A-9208f0,2023-07-01,0.0
A-2ebb4b,2024-07-01,2009.0
A-726cfa,2023-12-01,0.0
A-3932db,2024-02-01,361.0
A-ad3abd,2024-07-01,2156.0
A-9b9fe9,2023-11-01,1436.0
A-3be56b,2024-05-01,3715.0
A-e3bd71,2024-01-01,589.0
A-9ee962,2024-05-01,342.0
A-eafc6e,2023-11-01,6766.0
A-9f0b68,2024-05-01,418.0
A-d49cc5,2024-05-01,2450.0
A-7e0a10,2024-12-01,13930.0
A-271f46,2024-06-01,722.0
A-7641d3,2024-08-01,2989.0
A-756192,2023-09-01,0.0
A-65aeb5,2024-08-01,7696.0
A-e1b9cd,2023-03-01,1960.0
A-798a3f,2023-12-01,2977.0
A-b7724f,2024-06-01,209.0
A-3932db,2024-07-01,0.0
A-297a2d,2024-08-01,513.0
A-3932db,2024-12-01,0.0
A-b9f5b1,2024-06-01,285.0
A-fe79a5,2024-04-01,0.0
A-09540c,2024-04-01,1273.0
A-9b9fe9,2023-12-01,245.0
A-4e960a,2024-11-01,588.0
A-0e966d,2024-06-01,4577.0
A-92a333,2024-03-01,1791.0
A-6f50ae,2024-06-01,9950.0
A-5f7781,2024-12-01,1078.0
A-4f18f0,2024-09-01,0.0
A-bb3bd4,2024-08-01,437.0
A-a8b49c,2024-06-01,570.0
A-034368,2024-06-01,494.0
A-e36807,2024-11-01,2786.0
A-684255,2024-09-01,1791.0
A-328bd0,2024-04-01,882.0
A-de58ca,2024-08-01,285.0
A-117171,2024-10-01,8955.0
A-e5d6ab,2024-06-01,171.0
A-69b156,2024-09-01,2587.0
A-dec005,2023-12-01,6169.0
A-80eeb6,2024-11-01,418.0
A-42e5e1,2024-10-01,4378.0
A-3b5cd1,2023-09-01,0.0
A-1f0636,2024-03-01,0.0
A-22d9d2,2024-12-01,1568.0
A-089363,2024-12-01,0.0
A-ac9111,2024-06-01,4179.0
A-ed510f,2023-12-01,8358.0
A-ccb686,2024-03-01,0.0
A-019782,2024-02-01,0.0
A-1b707d,2024-10-01,779.0
A-bc4d48,2024-12-01,665.0
A-6dee43,2023-10-01,2502.0
A-91e948,2024-07-01,8159.0
A-4a4c2d,2024-04-01,0.0
A-798a3f,2024-10-01,2587.0
A-659280,2024-11-01,323.0
A-86902e,2023-07-01,0.0
A-b2225d,2024-11-01,2450.0
A-fb186e,2024-12-01,5771.0
A-e40f45,2024-08-01,4179.0
A-bbc346,2024-09-01,4731.0
A-e43bf7,2024-01-01,2156.0
A-4437e4,2024-02-01,3724.0
A-c37cab,2024-08-01,2587.0
A-f51f16,2024-03-01,4930.0
A-eb2fdc,2024-02-01,1519.0
A-18793f,2024-12-01,78588.0
A-5247b3,2024-05-01,627.0
A-9f9299,2024-11-01,3276.0
A-5a92e7,2024-12-01,1771.0
A-ac9111,2024-03-01,1029.0
A-016043,2024-12-01,3081.0
A-104f1a,2024-11-01,456.0
A-a8b49c,2024-03-01,1834.0
A-b7b7b7,2024-09-01,11781.0
A-66224b,2024-11-01,24564.0
A-6a4e2d,2024-10-01,686.0
A-9a532a,2024-10-01,2189.0
A-e43bf7,2024-02-01,2156.0
A-d82ef9,2024-09-01,2548.0
A-4437e4,2024-12-01,768.0
A-9f0b68,2024-10-01,12623.0
A-1f7acb,2024-08-01,3136.0
A-856b1e,2023-12-01,2695.0
A-417d2f,2023-07-01,10244.0
A-43a9e3,2024-02-01,1764.0
A-fa2041,2024-10-01,10149.0
A-1e1b80,2024-04-01,950.0
A-e36807,2024-09-01,608.0
A-5a3eb9,2024-11-01,3582.0
A-9badbd,2024-06-01,532.0
A-d4ac0e,2024-11-01,2499.0
A-6e7827,2023-06-01,171.0
A-95b24a,2024-10-01,0.0
A-69b156,2024-11-01,0.0
A-716841,2024-12-01,8955.0
A-a1b80b,2024-03-01,13532.0
A-9208f0,2023-08-01,76.0
A-856b1e,2024-10-01,0.0
A-80eeb6,2024-09-01,1225.0
A-88c6ca,2024-11-01,1990.0
A-e43bf7,2024-12-01,8756.0
A-4e960a,2024-09-01,228.0
A-50f3f7,2024-10-01,6169.0
A-9208f0,2023-09-01,649.0
A-832ec2,2024-11-01,4378.0
A-cbbe12,2024-06-01,2401.0
A-c45b23,2024-02-01,588.0
A-4437e4,2024-07-01,6368.0
A-151c9a,2023-05-01,1127.0
A-1f0636,2024-06-01,26040.0
A-19b2c8,2023-07-01,1360.0
A-34d880,2024-06-01,0.0
A-6a4e2d,2023-11-01,266.0
A-87aa7b,2024-06-01,3528.0
A-b9eed8,2024-11-01,881.0
A-ccb686,2024-06-01,931.0
A-410e86,2024-11-01,9552.0
A-d792a6,2024-09-01,0.0
A-075038,2023-07-01,5047.0
A-dcc3f1,2024-11-01,399.0
A-798a3f,2024-05-01,2388.0
A-7988d1,2024-09-01,627.0
A-883b7d,2024-05-01,7572.0
A-f446b6,2024-01-01,3582.0
A-a6d261,2024-09-01,6647.0
A-10b8f2,2024-03-01,2303.0
A-bcf664,2024-11-01,1393.0
A-c42f1f,2024-10-01,3212.0
A-296d7c,2024-01-01,114.0
A-4c38bc,2024-05-01,3528.0
A-855a48,2024-01-01,7960.0
A-c4ea60,2023-04-01,912.0
A-c9bb3e,2024-10-01,3582.0
A-6da850,2024-04-01,228.0
A-4a267b,2024-05-01,5771.0
A-098560,2024-02-01,0.0
A-6a4e2d,2023-12-01,784.0
A-977ca0,2023-03-01,494.0
A-592832,2024-09-01,12605.0
A-95b24a,2023-12-01,722.0
A-0f3e88,2024-06-01,323.0
A-089363,2024-08-01,1990.0
A-6f50ae,2024-03-01,361.0
A-5f7781,2024-08-01,0.0
A-c4ea60,2024-09-01,882.0
A-cd458b,2024-09-01,1003.0
A-ffdfd5,2024-10-01,2189.0
A-c1dfe1,2024-07-01,13333.0
A-463db0,2024-12-01,13266.0
A-02cd81,2024-09-01,0.0
A-94d3da,2024-10-01,779.0
A-bcbe98,2024-10-01,9154.0
A-856b1e,2023-11-01,931.0
A-e43bf7,2024-07-01,8756.0
A-c1dfe1,2024-02-01,494.0
A-558c72,2023-12-01,588.0
A-9b9fe9,2024-05-01,0.0
A-4ef964,2024-05-01,833.0
A-94d3da,2023-12-01,1558.0
A-c16101,2024-12-01,4721.0
A-43a9e3,2024-07-01,882.0
A-726cfa,2024-05-01,539.0
A-a33200,2024-09-01,7192.0
A-f446b6,2024-02-01,1393.0
A-a09355,2024-08-01,266.0
A-7df7a7,2024-12-01,7960.0
A-751c58,2024-09-01,5532.0
A-0158bb,2024-05-01,0.0
A-098560,2024-07-01,1148.0
A-37f969,2024-06-01,570.0
A-e693b6,2024-07-01,0.0
A-4ae22a,2024-11-01,114.0
A-3be56b,2023-12-01,3038.0
A-5a92e7,2024-07-01,3036.0
A-c45b23,2024-07-01,95.0
A-9123ac,2024-05-01,209.0
A-296d7c,2024-07-01,0.0
A-35083d,2024-09-01,1225.0
A-32fb14,2023-11-01,988.0
A-0532a9,2024-12-01,2566.0
A-22d9d2,2024-08-01,1470.0
A-158f4e,2023-09-01,2989.0
A-f446b6,2024-07-01,2832.0
A-dbc825,2024-06-01,1615.0
A-0a62f5,2024-12-01,893.0
A-7da956,2024-09-01,3033.0
A-98a59a,2024-09-01,11144.0
A-e51ec7,2024-04-01,398.0
A-51ec1b,2024-04-01,1393.0
A-ed510f,2024-05-01,2058.0
A-c7ffc2,2023-07-01,570.0
A-65a46c,2024-05-01,1813.0
A-bb1eaa,2024-06-01,4179.0
A-eb2fdc,2024-12-01,589.0
A-d792a6,2023-10-01,796.0
A-bb3bd4,2024-12-01,437.0
A-00bed1,2024-09-01,5572.0
A-5ed98d,2024-12-01,1026.0
A-462d45,2024-05-01,1470.0
A-855a48,2024-07-01,11940.0
A-80eeb6,2023-10-01,418.0
A-9289f6,2024-04-01,1568.0
A-a7bd4b,2024-06-01,995.0
A-855a48,2024-02-01,1519.0
A-558c72,2024-10-01,735.0
A-a1bbb6,2023-04-01,1029.0
A-ff3c73,2023-06-01,399.0
A-d792a6,2023-04-01,2388.0
A-0aaf6e,2024-06-01,1813.0
A-86cdb4,2024-11-01,882.0
A-9ee962,2023-11-01,0.0
A-474ad4,2023-12-01,513.0
A-bc4d48,2024-08-01,1715.0
A-65aeb5,2024-02-01,171.0
A-977ca0,2023-08-01,18109.0
A-8ae05d,2024-11-01,17114.0
A-b3fe05,2024-09-01,3383.0
A-df1e44,2024-08-01,2388.0
A-1f0ac7,2024-11-01,608.0
A-8ed5dd,2023-08-01,245.0
A-d49cc5,2024-10-01,3675.0
A-158f4e,2023-08-01,0.0
A-c45b23,2024-12-01,5174.0
A-b2af2e,2024-10-01,995.0
A-1b707d,2024-05-01,152.0
A-40de06,2024-07-01,0.0
A-cab532,2024-03-01,539.0
A-3c1a3f,2024-09-01,597.0
A-ee42db,2023-10-01,637.0
A-84ebe4,2023-05-01,342.0
A-c58f49,2024-08-01,1330.0
A-5f2961,2024-11-01,1393.0
A-c222ab,2024-10-01,1216.0
A-e5d6ab,2024-03-01,2985.0
A-5ed98d,2024-07-01,4776.0
A-a2485e,2024-12-01,3383.0
A-eb2fdc,2024-07-01,6169.0
A-de58ca,2024-01-01,735.0
A-6c093d,2024-10-01,171.0
A-3be56b,2023-11-01,0.0
A-e2cd1b,2024-04-01,735.0
A-1e50e0,2024-03-01,4802.0
A-45ce7a,2023-08-01,784.0
A-39868b,2024-10-01,441.0
A-e1462e,2023-04-01,2985.0
A-054577,2024-10-01,456.0
A-dfbd31,2024-06-01,0.0
A-e89151,2024-11-01,1519.0
A-40906c,2024-12-01,4508.0
A-f17767,2023-05-01,38.0
A-9b9fe9,2024-06-01,833.0
A-0651a4,2024-12-01,21270.0
A-54ecc2,2023-09-01,2189.0
A-e19ff6,2024-06-01,68.0
A-a7bd4b,2024-05-01,2744.0
A-271f46,2024-10-01,722.0
A-6da850,2024-02-01,342.0
A-854864,2024-12-01,14759.0
A-9affe6,2023-11-01,1176.0
A-8adedc,2024-03-01,2862.0
A-7c4956,2024-08-01,1194.0
A-d42431,2024-11-01,418.0
A-5a215a,2024-07-01,8526.0
A-32728c,2023-06-01,980.0
A-e351e1,2024-10-01,2244.0
A-40a557,2024-09-01,0.0
A-c7ffc2,2024-09-01,570.0
A-e2cd1b,2024-07-01,2205.0
A-3b5cd1,2023-10-01,2548.0
A-59f724,2024-01-01,5260.0
A-5a3eb9,2023-09-01,4067.0
A-6da850,2024-12-01,114.0
A-d26ab4,2024-11-01,6464.0
A-558c72,2024-03-01,3213.0
A-712533,2024-10-01,5194.0
A-d62e02,2024-09-01,1990.0
A-6f50ae,2023-11-01,361.0
A-029f69,2024-08-01,1626.0
A-ad64c6,2024-06-01,5572.0
A-82d8a6,2024-12-01,27966.0
A-10b8da,2023-05-01,3383.0
A-6f8ad2,2024-08-01,17744.0
A-08e34e,2024-09-01,7587.0
A-0e966d,2024-10-01,3750.0
A-9289f6,2024-12-01,1472.0
A-0354fe,2024-11-01,8704.0
A-a45270,2024-12-01,147.0
A-157070,2024-12-01,3906.0
A-5a215a,2024-02-01,4263.0
A-1e1b80,2024-07-01,12400.0
A-ad296b,2024-11-01,722.0
A-e1462e,2023-07-01,735.0
A-faa28c,2024-08-01,9552.0
A-4e0e85,2024-09-01,0.0
A-396e5f,2024-10-01,7829.0
A-157070,2024-02-01,1205.0
A-2789e3,2024-12-01,6509.0
A-712533,2023-11-01,1026.0
A-5247b3,2024-06-01,3488.0
A-86fc1d,2024-10-01,1691.0
A-32fb14,2024-03-01,1444.0
A-6a7c9d,2024-12-01,2680.0
A-922109,2024-11-01,1602.0
A-756192,2023-10-01,931.0
A-5b051a,2024-10-01,418.0
A-e61e98,2024-01-01,361.0
A-328bd0,2024-08-01,342.0
A-779e4e,2024-07-01,1439.0
A-ccb686,2024-05-01,190.0
A-30b4ca,2024-08-01,1634.0
A-22f2df,2024-12-01,7451.0
A-8e47ca,2024-03-01,4142.0
A-5a215a,2024-12-01,4263.0
A-2d4502,2024-09-01,4378.0
A-2922b6,2024-12-01,10669.0
A-a8b49c,2024-10-01,4721.0
A-b11cd0,2023-10-01,0.0
A-2bc93d,2023-08-01,7960.0
A-157070,2024-07-01,1666.0
A-53f4e3,2024-12-01,4255.0
A-81edc3,2024-11-01,1603.0
A-e6afc1,2023-08-01,342.0
A-a45270,2024-07-01,11542.0
A-f6b2fb,2024-11-01,437.0
A-781cc0,2024-11-01,2352.0
A-0cc442,2024-10-01,3553.0
A-7c83a1,2024-11-01,456.0
A-4c38bc,2024-06-01,1764.0
A-37f969,2024-05-01,5970.0
A-7a0d69,2024-12-01,3184.0
A-3be56b,2024-03-01,833.0
A-9123ac,2024-06-01,441.0
A-cab532,2023-11-01,1519.0
A-c45b23,2024-04-01,228.0
A-e2cd1b,2024-12-01,5445.0
A-cbbe12,2024-05-01,760.0
A-52dd88,2024-08-01,5174.0
A-42b791,2024-06-01,1421.0
A-e1b9cd,2024-09-01,760.0
A-354f12,2024-08-01,199.0
A-977ca0,2024-11-01,686.0
A-94d3da,2024-03-01,0.0
A-4ef964,2024-06-01,833.0
A-034368,2024-10-01,5572.0
A-157070,2024-01-01,3184.0
A-96215d,2024-11-01,490.0
A-671f31,2024-11-01,4012.0
A-71615e,2024-11-01,11940.0
A-432483,2024-05-01,392.0
A-7dacce,2024-11-01,18082.0
A-296d7c,2024-04-01,361.0
A-7df7a7,2024-04-01,133.0
A-f446b6,2024-04-01,2692.0
A-bcf664,2023-08-01,1568.0
A-098560,2024-04-01,1415.0
A-fd9422,2024-11-01,11542.0
A-bb3bd4,2024-04-01,4577.0
A-6a4e2d,2024-03-01,418.0
A-5a215a,2024-01-01,1653.0
A-4437e4,2024-04-01,597.0
A-e2cd1b,2024-02-01,836.0
A-378b99,2024-10-01,1421.0
A-8ed5dd,2024-11-01,530.0
A-02fac6,2024-01-01,1078.0
A-a1bbb6,2023-07-01,245.0
A-3f9cc0,2024-06-01,9174.0
A-7a0d69,2024-07-01,0.0
A-bd4708,2024-08-01,7363.0
A-a8b49c,2023-11-01,343.0
A-05f0e5,2024-11-01,2842.0
A-1986ca,2024-05-01,6169.0
A-ac9111,2024-10-01,399.0
A-1d5444,2024-11-01,1176.0
A-202b67,2024-08-01,418.0
A-ba6516,2024-09-01,0.0
A-51ec1b,2024-02-01,209.0
A-d77f4c,2023-10-01,152.0
A-f1f639,2024-01-01,38.0
A-6c093d,2024-03-01,1736.0
A-139c3b,2024-11-01,2756.0
A-dbc825,2024-05-01,1292.0
A-45ce7a,2024-11-01,3184.0
A-b9f5b1,2024-10-01,2985.0
A-417d2f,2024-09-01,1127.0
A-0a282f,2024-11-01,49.0
A-d5a319,2023-06-01,0.0
A-09540c,2024-08-01,2546.0
A-e51ec7,2024-12-01,1990.0
A-3b37d9,2023-11-01,4577.0
A-756192,2024-09-01,0.0
A-2d1036,2024-12-01,3381.0
A-eb7fac,2024-05-01,4508.0
A-d49cc5,2024-03-01,2450.0
A-6da850,2024-01-01,1470.0
A-2d1036,2024-07-01,28773.0
A-96bbc6,2024-12-01,13796.0
A-59f724,2024-07-01,939.0
A-158f4e,2024-11-01,15128.0
A-ccabf0,2024-05-01,323.0
A-ef84cf,2024-08-01,152.0
A-b11cd0,2023-04-01,0.0
A-7f8241,2023-05-01,646.0
A-0158bb,2024-06-01,836.0
A-87aa7b,2024-05-01,2499.0
A-bad8c1,2023-06-01,2646.0
A-cab532,2024-10-01,2189.0
A-80eeb6,2023-07-01,646.0
A-09316c,2024-12-01,29190.0
A-59f724,2024-12-01,342.0
A-337bc1,2023-08-01,1470.0
A-034368,2023-12-01,0.0
A-4e44e8,2024-12-01,3383.0
A-7c5768,2024-05-01,152.0
A-474ad4,2024-03-01,2597.0
A-cc98bc,2023-05-01,6368.0
A-eb1312,2024-09-01,1225.0
A-54ecc2,2023-08-01,196.0
A-9affe6,2024-10-01,342.0
A-1f0636,2024-05-01,20895.0
A-4a267b,2024-06-01,475.0
A-a8b49c,2023-12-01,0.0
A-3b37d9,2023-12-01,0.0
A-eb2fdc,2024-04-01,589.0
A-fa2041,2024-08-01,1764.0
A-855a48,2024-05-01,5639.0
A-462d45,2024-02-01,10985.0
A-ac85cd,2024-11-01,15743.0
A-8ae3fc,2024-11-01,171.0
A-4c38bc,2024-07-01,7848.0
A-f9cc74,2024-11-01,2147.0
A-249769,2024-09-01,1195.0
A-9b9fe9,2024-01-01,1176.0
A-3f9cc0,2024-07-01,4796.0
A-6843f2,2024-12-01,16520.0
A-ff3c73,2023-04-01,2283.0
A-92a3af,2024-09-01,16793.0
A-3be56b,2024-08-01,7359.0
A-5a215a,2024-06-01,0.0
A-443b7c,2024-12-01,475.0
A-94d3da,2024-08-01,0.0
A-69fad4,2023-09-01,1859.0
A-91e948,2023-11-01,4018.0
A-39b19f,2023-07-01,3675.0
A-eb2fdc,2024-05-01,13306.0
A-31ab9a,2024-04-01,4174.0
A-e888d1,2024-03-01,0.0
A-c222ab,2024-08-01,3136.0
A-59f724,2024-06-01,2007.0
A-a1bbb6,2023-06-01,3184.0
A-4d1e75,2024-11-01,3430.0
A-3932db,2024-10-01,1764.0
A-726cfa,2024-01-01,608.0
A-089363,2024-10-01,209.0
A-bb1486,2024-12-01,6850.0
A-58b9ff,2024-09-01,19295.0
A-2edab2,2024-11-01,3383.0
A-7f29a7,2024-10-01,2788.0
A-0baac2,2024-10-01,6796.0
A-a09355,2024-10-01,6258.0
A-c1dfe1,2024-05-01,5174.0
A-712426,2024-11-01,3530.0
A-dbc825,2024-04-01,5073.0
A-c37cab,2024-10-01,20776.0
A-5f7781,2024-10-01,4378.0
A-993085,2024-05-01,0.0
A-2e4581,2024-10-01,1078.0
A-90a8c8,2024-12-01,2985.0
A-716841,2024-05-01,5264.0
A-e08cd3,2024-12-01,4556.0
A-798a3f,2024-07-01,228.0
A-9f0b68,2024-08-01,4067.0
A-7df7a7,2024-05-01,2786.0
A-c9bb3e,2024-08-01,2189.0
A-544d0a,2024-10-01,294.0
A-1f0636,2024-04-01,20895.0
A-f44180,2023-04-01,2786.0
A-dfbd31,2024-04-01,1099.0
A-726cfa,2024-02-01,456.0
A-e7beab,2024-03-01,995.0
A-e6afc1,2023-05-01,10443.0
A-462d45,2024-01-01,1691.0
A-91e948,2023-12-01,779.0
A-1b707d,2024-12-01,0.0
A-32728c,2023-07-01,380.0
A-d535f6,2024-12-01,3185.0
A-49b828,2023-10-01,9751.0
A-05d3b3,2023-08-01,3184.0
A-2e3bad,2024-10-01,1159.0
A-ff79f2,2024-11-01,684.0
A-eb7c38,2024-09-01,2985.0
A-bcf87c,2024-11-01,4213.0
A-42b791,2024-12-01,1066.0
A-054577,2024-08-01,2950.0
A-e693b6,2024-05-01,3740.0
A-f92792,2024-09-01,8738.0
A-65aeb5,2024-05-01,441.0
A-2ebb4b,2023-11-01,0.0
A-b2af2e,2024-08-01,1091.0
A-eafc6e,2024-07-01,1444.0
A-cc102e,2024-11-01,4040.0
A-f45426,2024-09-01,6310.0
A-f03140,2023-12-01,513.0
A-4c38bc,2024-12-01,3528.0
A-0158bb,2024-12-01,3234.0
A-65c341,2024-02-01,7002.0
A-68f37c,2023-07-01,24079.0
A-34d880,2024-04-01,10743.0
A-7f4db3,2024-11-01,3582.0
A-ff3c73,2024-09-01,1254.0
A-484819,2023-02-01,3582.0
A-1b707d,2024-01-01,637.0
A-e2cd1b,2024-06-01,0.0
A-ccc747,2024-11-01,304.0
A-1b7577,2024-12-01,3938.0
A-202b67,2024-03-01,539.0
A-f03140,2024-10-01,5373.0
A-ad64c6,2024-07-01,0.0
A-600734,2024-09-01,551.0
A-ad3abd,2024-10-01,2156.0
A-40906c,2024-05-01,0.0
A-ef84cf,2024-03-01,0.0
A-bcbe98,2024-08-01,3128.0
A-96bbc6,2024-06-01,7761.0
A-20736a,2024-11-01,9950.0
A-35083d,2023-06-01,0.0
A-5247b3,2024-07-01,1176.0
A-118f1c,2024-10-01,6368.0
A-4437e4,2024-05-01,597.0
A-3a5ad8,2024-11-01,15694.0
A-c62e55,2023-11-01,1666.0
A-0f3e88,2024-04-01,266.0
A-726cfa,2024-07-01,627.0
A-089363,2023-11-01,760.0
A-c58f49,2024-10-01,27860.0
A-0dbdc6,2023-06-01,0.0
A-ed510f,2024-12-01,2058.0
A-8adedc,2024-08-01,418.0
A-3932db,2023-12-01,437.0
A-7f8241,2023-08-01,1666.0
A-22d9d2,2024-10-01,4900.0
A-425e76,2023-08-01,6368.0
A-7f8241,2023-09-01,3332.0
A-df1e44,2024-10-01,2587.0
A-e19ff6,2024-07-01,342.0
A-e3bd71,2024-10-01,6169.0
A-6da850,2024-06-01,7363.0
A-ff3c73,2023-10-01,0.0
A-84ebe4,2024-11-01,7164.0
A-798a3f,2024-02-01,0.0
A-7f8241,2023-03-01,646.0
A-9c18c4,2024-09-01,2189.0
A-ccb686,2024-04-01,0.0
A-e61e98,2024-06-01,361.0
A-7641d3,2024-05-01,5961.0
A-ed510f,2024-01-01,2058.0
A-4ef964,2024-07-01,3383.0
A-f44180,2023-10-01,1791.0
A-52dd88,2024-03-01,1127.0
A-10b8f2,2023-02-01,0.0
A-8e47ca,2024-08-01,3781.0
A-bb3bd4,2024-05-01,1127.0
A-fdfc91,2024-09-01,2109.0
A-ffdfd5,2024-08-01,570.0
A-ad3abd,2023-11-01,0.0
A-65a46c,2024-12-01,1715.0
A-c45b23,2024-05-01,1791.0
A-726cfa,2024-12-01,7562.0
A-42e5e1,2024-07-01,49.0
A-9a532a,2024-08-01,6567.0
A-fe79a5,2024-03-01,0.0
A-313be3,2024-11-01,0.0
A-7e0a10,2023-12-01,3128.0
A-117171,2024-12-01,2205.0
A-462d45,2024-12-01,1470.0
A-bb2f49,2024-11-01,4165.0
A-05d3b3,2023-09-01,1078.0
A-0be015,2024-11-01,817.0
A-ee42db,2023-06-01,0.0
A-fda07f,2024-12-01,1050.0
A-cb6cc6,2024-10-01,1225.0
A-331424,2024-08-01,2189.0
A-ac14bb,2024-03-01,7478.0
A-7e0a10,2023-11-01,874.0
A-53f4e3,2024-06-01,931.0
A-40de06,2024-05-01,1372.0
A-b30291,2024-04-01,190.0
A-cea1f0,2024-10-01,5036.0
A-10b8f2,2023-06-01,969.0
A-a8d89d,2023-12-01,15522.0
A-0a282f,2024-12-01,3933.0
A-202b67,2024-09-01,539.0
A-309e54,2024-12-01,28549.0
A-08e34e,2024-08-01,2149.0
A-8b0451,2024-10-01,2886.0
A-d77f4c,2024-08-01,4378.0
A-671f31,2024-12-01,26373.0
A-7c83a1,2024-12-01,1176.0
A-52dd88,2024-09-01,4577.0
A-6f8ad2,2024-09-01,2875.0
A-e888d1,2024-09-01,266.0
A-50bb9f,2024-10-01,3980.0
A-4f18f0,2024-04-01,1176.0
A-8b25f2,2024-05-01,2768.0
A-d792a6,2023-02-01,1889.0
A-d42431,2024-07-01,1729.0
A-794a0b,2024-06-01,1127.0
A-0354fe,2024-12-01,6766.0
A-fd9422,2024-12-01,2842.0
A-4e44e8,2024-11-01,15476.0
A-b7724f,2023-06-01,627.0
A-503d5a,2023-12-01,0.0
A-84ebe4,2024-06-01,0.0
A-158f4e,2024-02-01,2989.0
A-503d5a,2023-11-01,2388.0
A-922109,2024-07-01,8747.0
A-0651a4,2024-11-01,11354.0
A-f25509,2024-05-01,6368.0
A-7920cc,2023-11-01,741.0
A-aa9511,2023-11-01,11144.0
A-328bd0,2023-10-01,684.0
A-2bc93d,2024-04-01,1519.0
A-068fc6,2024-07-01,10395.0
A-39b19f,2023-11-01,1764.0
A-05f0e5,2024-07-01,6368.0
A-acb7f7,2024-03-01,6368.0
A-f5641b,2024-05-01,6169.0
A-3d957b,2024-08-01,6959.0
A-bd4708,2024-09-01,2516.0
A-39b19f,2024-10-01,0.0
A-49b828,2024-03-01,1470.0
A-69b156,2024-04-01,343.0
A-faa28c,2024-09-01,10483.0
A-a0ca4e,2024-10-01,539.0
A-51ec1b,2024-11-01,3383.0
A-54ecc2,2024-04-01,5970.0
A-f19b24,2024-12-01,551.0
A-977ca0,2024-07-01,1899.0
A-81edc3,2024-01-01,1877.0
A-dcc2f0,2023-11-01,2985.0
A-d42431,2024-12-01,4378.0
A-8ed5dd,2024-01-01,995.0
A-993085,2023-08-01,2697.0
A-075038,2024-08-01,3383.0
A-df10db,2023-10-01,133.0
A-e89151,2024-04-01,3546.0
A-9779ad,2024-07-01,7960.0
A-55f257,2024-01-01,5018.0
A-fd9422,2024-07-01,0.0
A-e693b6,2023-09-01,2695.0
A-1d5444,2024-07-01,2088.0
A-68f37c,2024-10-01,796.0
A-09316c,2024-11-01,11620.0
A-ac14bb,2023-10-01,4179.0
A-55f257,2024-07-01,0.0
A-139c3b,2024-12-01,6271.0
A-297a2d,2023-08-01,7164.0
A-186a44,2023-11-01,980.0
A-10b8da,2024-05-01,686.0
A-812c5b,2024-05-01,6370.0
A-993085,2023-09-01,14129.0
A-977ca0,2024-02-01,0.0
A-922109,2024-12-01,0.0
A-151c9a,2024-06-01,7125.0
A-ccc747,2024-06-01,1813.0
A-53f4e3,2024-11-01,589.0
A-71615e,2024-07-01,3270.0
A-2f6a32,2024-10-01,3105.0
A-068fc6,2024-12-01,8680.0
A-bece89,2024-01-01,5174.0
A-aa9511,2024-10-01,10746.0
A-3ce5b8,2024-06-01,1592.0
A-b44e3e,2024-05-01,7960.0
A-2789e3,2024-11-01,14328.0
A-05f0e5,2024-02-01,1064.0
A-dcc2f0,2024-10-01,4005.0
A-7c83a1,2024-07-01,4009.0
A-72799b,2024-05-01,3980.0
A-7df7a7,2023-03-01,0.0
A-55f257,2024-02-01,637.0
A-6dee43,2024-04-01,16067.0
A-4e0e85,2024-08-01,0.0
A-832ec2,2024-04-01,228.0
A-5a215a,2024-11-01,1653.0
A-684255,2024-04-01,608.0
A-40de06,2023-09-01,1372.0
A-dcc2f0,2023-12-01,1210.0
A-977ca0,2024-01-01,114.0
A-bad8c1,2023-12-01,0.0
A-600734,2024-03-01,7192.0
A-c7e58b,2024-09-01,0.0
A-425e76,2024-05-01,779.0
A-d26ab4,2024-12-01,10149.0
A-6a7c9d,2024-11-01,10348.0
A-659280,2024-04-01,3781.0
A-625d0b,2024-10-01,4290.0
A-fdfc91,2024-03-01,1421.0
A-b2225d,2024-04-01,0.0
A-029f69,2024-09-01,4593.0
A-d5a319,2023-11-01,304.0
A-ad296b,2024-07-01,722.0
A-bece89,2024-02-01,1372.0
A-81edc3,2024-12-01,995.0
A-a45270,2024-11-01,597.0
A-9c18c4,2024-03-01,539.0
A-e7beab,2023-10-01,4179.0
A-4c6f11,2024-05-01,1689.0
A-2d1036,2024-11-01,1311.0
A-c7ffc2,2024-08-01,570.0
A-186a44,2024-10-01,0.0
A-e693b6,2023-08-01,1045.0
A-692f18,2024-10-01,190.0
A-7f4db3,2024-06-01,8955.0
A-526d93,2024-10-01,817.0
A-68f37c,2023-12-01,539.0
A-13466a,2024-09-01,967.0
A-9f9299,2024-04-01,532.0
A-1b9609,2024-06-01,6965.0
A-2edab2,2024-06-01,3383.0
A-f19409,2024-10-01,5704.0
A-d5a319,2023-12-01,323.0
A-45ce7a,2024-02-01,342.0
A-5b1bcd,2024-06-01,3577.0
A-6e7827,2024-03-01,398.0
A-756192,2024-08-01,1292.0
A-f6b2fb,2024-07-01,1127.0
A-52dd88,2023-10-01,1127.0
A-7df7a7,2023-09-01,2930.0
A-f446b6,2023-09-01,228.0
A-81edc3,2024-02-01,0.0
A-fce879,2024-10-01,5771.0
A-19b2c8,2024-08-01,0.0
A-bb2f49,2024-06-01,1715.0
A-7920cc,2024-10-01,1911.0
A-1e1b80,2024-11-01,950.0
A-bcf664,2024-04-01,2587.0
A-439b2f,2024-07-01,76.0
A-ad296b,2024-12-01,1862.0
A-bad8c1,2023-11-01,0.0
A-484819,2023-06-01,342.0
A-43a9e3,2023-09-01,418.0
A-6da850,2024-11-01,392.0
A-7920cc,2023-12-01,741.0
A-4a4c2d,2024-09-01,1026.0
A-de58ca,2023-09-01,735.0
A-781cc0,2024-12-01,228.0
A-7dacce,2024-12-01,0.0
A-e7a1e2,2024-08-01,2388.0
A-82861f,2024-08-01,779.0
A-df10db,2024-09-01,266.0
A-7a0d69,2024-11-01,674.0
A-8ed5dd,2024-02-01,5970.0
A-68f37c,2023-11-01,0.0
A-427b69,2024-10-01,833.0
A-81edc3,2024-07-01,245.0
A-702032,2024-10-01,532.0
A-439b2f,2024-12-01,1274.0
A-751bd4,2024-10-01,0.0
A-e98302,2024-09-01,646.0
A-068fc6,2024-01-01,0.0
A-71615e,2024-12-01,735.0
A-ae052e,2024-10-01,1911.0
A-f97b9a,2024-08-01,0.0
A-9289f6,2024-11-01,49.0
A-1e6fc3,2024-04-01,245.0
A-cc98bc,2024-05-01,2646.0
A-e2cd1b,2024-11-01,342.0
A-fe79a5,2024-09-01,4577.0
A-9affe6,2023-06-01,133.0
A-9779ad,2024-12-01,7960.0
A-2d4502,2024-08-01,1393.0
A-1f0ac7,2024-04-01,646.0
A-417d2f,2023-12-01,796.0
A-0cc442,2024-09-01,22562.0
A-9f9299,2024-06-01,5572.0
A-812c5b,2024-07-01,3740.0
A-812c5b,2024-12-01,13640.0
A-9affe6,2023-10-01,1393.0
A-e60f9d,2024-12-01,12815.0
A-eb1312,2024-10-01,1824.0
A-b30291,2024-06-01,4066.0
A-eafc6e,2023-08-01,1323.0
A-7c83a1,2024-05-01,5328.0
A-cc1d8d,2024-12-01,8947.0
A-dfbd31,2024-11-01,12338.0
A-00cac8,2024-04-01,0.0
A-f6b2fb,2024-05-01,1127.0
A-1ac5e0,2024-11-01,17622.0
A-f19409,2024-08-01,4577.0
A-7f8241,2024-01-01,1140.0
A-0f7d77,2024-11-01,653.0
A-f3ff05,2024-11-01,294.0
A-e351e1,2024-09-01,627.0
A-7c4956,2023-06-01,612.0
A-5b051a,2024-09-01,418.0
A-86902e,2023-11-01,646.0
A-ac9111,2023-10-01,1197.0
A-5b4ebb,2024-11-01,12537.0
A-ffc04f,2024-12-01,3869.0
A-10b8f2,2023-10-01,11999.0
A-2446e3,2024-04-01,5373.0
A-0aaf6e,2024-11-01,133.0
A-726cfa,2023-08-01,7440.0
A-86902e,2023-12-01,12785.0
A-2b9d3e,2024-03-01,882.0
A-075038,2023-11-01,833.0
A-d922bf,2024-02-01,0.0
A-b78bf8,2024-12-01,13612.0
A-b9eed8,2024-06-01,209.0
A-1d5444,2024-05-01,12935.0
A-8b25f2,2024-02-01,0.0
A-f5641b,2024-07-01,1519.0
A-94f8c9,2024-07-01,2587.0
A-a1b80b,2024-09-01,9552.0
A-f5641b,2024-12-01,10474.0
A-8b25f2,2024-07-01,114.0
A-c16b88,2024-12-01,5014.0
A-186a44,2024-08-01,5156.0
A-3ce5b8,2024-04-01,2786.0
A-1e50e0,2023-04-01,0.0
A-05d3b3,2024-01-01,2587.0
A-f25509,2024-12-01,1083.0
A-b7ef83,2024-07-01,5174.0
A-5c046d,2024-07-01,4557.0
A-32fb14,2023-07-01,0.0
A-d5a319,2024-08-01,1176.0
A-8ae05d,2024-06-01,1634.0
A-87aa7b,2024-11-01,2088.0
A-82861f,2024-10-01,10168.0
A-a0ca4e,2024-08-01,5713.0
A-5c046d,2024-12-01,40548.0
A-02cd81,2024-03-01,1672.0
A-9077b0,2024-12-01,741.0
A-e5d6ab,2023-10-01,4844.0
A-adc1f3,2024-09-01,9950.0
A-bece89,2024-05-01,5174.0
A-118d55,2024-10-01,1592.0
A-0f3e88,2024-11-01,323.0
A-ba6516,2024-10-01,513.0
A-902ef7,2024-09-01,20584.0
A-0e966d,2024-09-01,1055.0
A-94c3cd,2024-11-01,0.0
A-ac9111,2024-09-01,532.0
A-7cfe77,2024-12-01,1311.0
A-e7a1e2,2024-10-01,3253.0
A-78f02b,2024-11-01,5771.0
A-cea1f0,2024-08-01,392.0
A-e1b9cd,2023-11-01,13742.0
A-ffc04f,2024-07-01,2695.0
A-4e631b,2024-03-01,7960.0
A-19b2c8,2024-10-01,3980.0
A-69fad4,2024-02-01,4587.0
A-ed510f,2023-03-01,2058.0
A-432483,2024-11-01,1519.0
A-3c1a3f,2024-03-01,76.0
A-692f18,2024-08-01,3763.0
A-7f8241,2024-12-01,6766.0
A-970c97,2024-11-01,2107.0
A-dbc825,2024-11-01,722.0
A-fd7ad3,2024-12-01,2939.0
A-9779ad,2024-05-01,7960.0
A-a6d261,2024-03-01,2786.0
A-a8d89d,2024-08-01,637.0
A-4f18f0,2024-06-01,5232.0
A-378b99,2024-09-01,2223.0
A-a865bd,2024-04-01,8854.0
A-95b24a,2023-07-01,4887.0
A-56962b,2024-09-01,19071.0
A-3d957b,2024-10-01,2786.0
A-f97b9a,2023-12-01,3781.0
A-3b5cd1,2023-12-01,2587.0
A-3b5cd1,2023-11-01,637.0
A-684255,2024-06-01,980.0
A-9badbd,2024-11-01,779.0
A-794a0b,2024-04-01,1127.0
A-68f37c,2024-08-01,735.0
A-84ebe4,2024-04-01,1224.0
A-8b25f2,2024-12-01,4008.0
A-cab532,2023-04-01,2189.0
A-94f8c9,2024-12-01,9998.0
A-417d2f,2024-10-01,899.0
A-4e960a,2024-03-01,228.0
A-cc98bc,2024-07-01,1568.0
A-5a3eb9,2024-06-01,4141.0
A-b44e3e,2024-12-01,7960.0
A-439b2f,2024-05-01,313.0
A-d4ac0e,2024-06-01,2107.0
A-4814a3,2024-12-01,21576.0
A-b9f5b1,2023-10-01,0.0
A-6f50ae,2024-09-01,931.0
A-69b156,2024-06-01,2587.0
A-34ea2f,2024-12-01,3184.0
A-3793ee,2024-03-01,2401.0
A-19b2c8,2023-11-01,3980.0
A-10b8f2,2023-04-01,893.0
A-b7724f,2024-09-01,258.0
A-b7ef83,2024-12-01,9543.0
A-d77f4c,2023-11-01,0.0
A-e19ff6,2023-08-01,152.0
A-10b8da,2024-07-01,2786.0
A-4c6f11,2024-07-01,665.0
A-b44e3e,2024-02-01,15721.0
A-7c5768,2024-11-01,950.0
A-3b37d9,2023-04-01,4577.0
A-712f1c,2024-10-01,833.0
A-9bfc9f,2024-04-01,0.0
A-b44e3e,2024-07-01,0.0
A-659280,2024-06-01,4776.0
A-aa9511,2024-08-01,4975.0
A-50bb9f,2024-08-01,438.0
A-3a5ad8,2024-04-01,441.0
A-d77f4c,2024-10-01,152.0
A-6a4e2d,2023-07-01,2817.0
A-7cfe77,2024-07-01,3381.0
A-05d3b3,2024-02-01,532.0
A-05f0e5,2024-05-01,1568.0
A-425e76,2024-07-01,703.0
A-c7ffc2,2023-11-01,5970.0
A-3b37d9,2023-10-01,4577.0
A-a8b49c,2023-10-01,133.0
A-1e50e0,2024-09-01,3781.0
A-5b1bcd,2024-04-01,0.0
A-b11cd0,2023-12-01,1274.0
A-b20d99,2024-11-01,3980.0
A-d62e02,2024-10-01,4378.0
A-9ee962,2023-07-01,1225.0
A-ced9aa,2024-10-01,1194.0
A-c7ffc2,2024-10-01,5970.0
A-a8b49c,2024-09-01,2388.0
A-726cfa,2023-09-01,1029.0
A-4c56c9,2024-08-01,9751.0
A-f25509,2024-07-01,6368.0
A-1f0636,2024-11-01,20895.0
A-d27f50,2024-11-01,0.0
A-075038,2024-10-01,798.0
A-fd9422,2024-05-01,11542.0
A-0dbdc6,2024-03-01,570.0
A-d922bf,2024-12-01,1791.0
A-9affe6,2023-04-01,1393.0
A-7988d1,2024-03-01,0.0
A-bcf87c,2024-08-01,8649.0
A-e08cd3,2024-09-01,3283.0
A-b2225d,2024-10-01,0.0
A-fa3095,2024-07-01,13930.0
A-eafc6e,2024-09-01,1323.0
A-54ecc2,2024-10-01,6567.0
A-f44180,2024-12-01,0.0
A-d4ac0e,2024-10-01,15003.0
A-86cdb4,2024-10-01,966.0
A-5fe118,2024-12-01,22290.0
A-39ddf4,2024-12-01,35836.0
A-f92792,2024-12-01,753.0
A-89ee83,2024-12-01,11590.0
A-9f9299,2024-10-01,6731.0
A-4a267b,2024-09-01,8454.0
A-313be3,2024-08-01,5047.0
A-a6d261,2024-05-01,1791.0
A-55f257,2024-03-01,1127.0
A-c42f1f,2024-11-01,1272.0
A-40de06,2023-06-01,6750.0
A-474ad4,2024-11-01,1592.0
A-02cd81,2024-05-01,13068.0
A-cc8c8f,2024-07-01,437.0
A-69b156,2024-10-01,1659.0
A-798a3f,2024-09-01,0.0
A-67be94,2024-01-01,1178.0
A-aa9511,2024-04-01,0.0
A-e19ff6,2023-10-01,722.0
A-9f9299,2023-11-01,12516.0
A-fa3095,2024-12-01,7420.0
A-b179bf,2024-12-01,9374.0
A-ce550d,2024-12-01,26836.0
A-4f18f0,2024-10-01,16517.0
A-0dbdc6,2024-05-01,9950.0
A-417d2f,2024-06-01,196.0
A-bcf664,2023-12-01,247.0
A-49b828,2024-07-01,1194.0
A-90a8c8,2024-09-01,20099.0
A-b30291,2024-10-01,0.0
A-054577,2024-11-01,475.0
A-1619f8,2024-06-01,10945.0
A-84ebe4,2024-08-01,8955.0
A-241e75,2024-08-01,342.0
A-cb5333,2024-04-01,7403.0
A-98a59a,2024-05-01,1064.0
A-f97b9a,2024-06-01,10348.0
A-922109,2024-03-01,1862.0
A-c9bb3e,2024-11-01,190.0
A-bcf664,2023-11-01,2388.0
A-ba6516,2024-06-01,7562.0
A-9f0b68,2024-11-01,266.0
A-bece89,2024-03-01,5668.0
A-9b9fe9,2023-10-01,0.0
A-35083d,2024-05-01,4712.0
A-c1e51e,2024-12-01,9076.0
A-8e47ca,2024-11-01,4975.0
A-3b5cd1,2024-06-01,0.0
A-d535f6,2024-09-01,2616.0
A-58b9ff,2024-07-01,692.0
A-756192,2024-06-01,12736.0
A-cbbe12,2023-07-01,0.0
A-f45426,2024-12-01,9595.0
A-92a3af,2024-07-01,2891.0
A-7c6b6b,2024-12-01,4818.0
A-659280,2023-11-01,3224.0
A-3cc791,2024-06-01,4378.0
A-1f559b,2024-02-01,5421.0
A-acb7f7,2024-02-01,7109.0
A-acb7f7,2024-01-01,6368.0
A-158f4e,2024-03-01,12139.0
A-977ca0,2024-03-01,294.0
A-4ef964,2024-09-01,4152.0
A-600734,2024-02-01,1972.0
A-249769,2024-07-01,95.0
A-6dee43,2024-10-01,0.0
A-cdf020,2024-01-01,4116.0
A-66224b,2024-10-01,18308.0
A-7988d1,2024-05-01,627.0
A-068fc6,2024-03-01,665.0
A-10b8f2,2023-08-01,0.0
A-5a184f,2024-01-01,9401.0
A-00cac8,2024-08-01,7913.0
A-9c18c4,2024-07-01,0.0
A-5247b3,2024-09-01,784.0
A-50f3f7,2024-11-01,8392.0
A-2bc93d,2023-12-01,7960.0
A-ffdfd5,2024-11-01,5970.0
A-4ae22a,2024-10-01,1194.0
A-cc8c8f,2024-12-01,4577.0
A-e4bf56,2024-11-01,5098.0
A-86902e,2024-06-01,6766.0
A-684255,2024-10-01,1120.0
A-e5d6ab,2023-09-01,0.0
A-fda07f,2024-09-01,4983.0
A-f17767,2024-08-01,787.0
A-1b9609,2024-08-01,6166.0
A-dcc3f1,2024-10-01,4578.0
A-bcbe98,2024-11-01,4508.0
A-de24d5,2024-11-01,13214.0
A-180abf,2023-09-01,12736.0
A-ed510f,2024-09-01,2058.0
A-e89151,2023-11-01,1592.0
A-ad3abd,2023-05-01,2156.0
A-f92792,2024-07-01,1274.0
A-2bc93d,2023-11-01,3980.0
A-f19b24,2024-03-01,1421.0
A-cdf020,2024-07-01,1127.0
A-ac85cd,2024-08-01,3604.0
A-00bed1,2024-05-01,15323.0
A-fdfc91,2024-07-01,1421.0
A-526d93,2024-04-01,18308.0
A-692f18,2024-04-01,931.0
A-b9eed8,2024-10-01,10149.0
A-1d5444,2024-03-01,456.0
A-39868b,2024-11-01,0.0
A-dec005,2023-10-01,0.0
A-dec005,2024-09-01,4578.0
A-32fb14,2024-11-01,5174.0
A-702032,2024-04-01,5572.0
A-9123ac,2023-10-01,171.0
A-e6afc1,2023-11-01,3332.0
A-f19409,2024-04-01,9087.0
A-4e0e85,2024-06-01,1862.0
A-67be94,2024-12-01,1274.0
A-1f559b,2024-07-01,1015.0
A-443b7c,2024-09-01,14859.0
A-462d45,2024-09-01,0.0
A-69b156,2023-12-01,1393.0
A-65c341,2024-09-01,539.0
A-7df7a7,2023-06-01,8955.0
A-40a557,2024-06-01,1259.0
A-20736a,2024-08-01,2450.0
A-439b2f,2024-03-01,133.0
A-e5d6ab,2023-08-01,57.0
A-712533,2023-08-01,0.0
A-560d27,2024-05-01,14129.0
A-ad64c6,2024-09-01,588.0
A-3c1a3f,2024-05-01,931.0
A-54ecc2,2023-11-01,76.0
A-a8d89d,2024-04-01,2834.0
A-acb7f7,2024-12-01,608.0
A-eb7c38,2024-12-01,627.0
A-8ae3fc,2024-08-01,1029.0
A-dcc3f1,2023-12-01,399.0
A-8145a0,2024-08-01,2388.0
A-68f37c,2024-04-01,1786.0
A-7f4db3,2024-08-01,3871.0
A-eb7c38,2024-07-01,6833.0
A-ce66f8,2024-05-01,1102.0
A-1e50e0,2023-03-01,3781.0
A-b9f5b1,2023-03-01,0.0
A-1986ca,2023-07-01,3980.0
A-acb7f7,2024-07-01,6368.0
A-600734,2024-01-01,1421.0
A-104f1a,2024-10-01,1176.0
A-8ed5dd,2024-03-01,95.0
A-afa505,2024-05-01,13930.0
A-6e7827,2024-12-01,833.0
A-1f0ac7,2023-12-01,1176.0
A-271f46,2023-03-01,722.0
A-9208f0,2024-03-01,0.0
A-49b828,2024-02-01,456.0
A-5a3eb9,2023-12-01,551.0
A-726cfa,2024-09-01,0.0
A-9affe6,2023-09-01,1064.0
A-ac9111,2023-09-01,2009.0
A-4e631b,2024-05-01,4378.0
A-659280,2023-12-01,6169.0
A-32728c,2024-04-01,0.0
A-337bc1,2023-11-01,6766.0
A-331424,2024-11-01,0.0
A-45ce7a,2024-03-01,3184.0
A-5a3eb9,2024-10-01,399.0
A-ed510f,2023-04-01,0.0
A-80eeb6,2024-05-01,17711.0
A-ba6516,2024-01-01,5886.0
A-075038,2024-02-01,833.0
A-40a557,2024-02-01,3184.0
A-2789e3,2024-09-01,627.0
A-c16b88,2024-10-01,665.0
A-53f4e3,2024-09-01,4398.0
A-7f8241,2023-12-01,646.0
A-417d2f,2024-12-01,2891.0
A-82861f,2024-07-01,12105.0
A-9bfc9f,2024-03-01,6201.0
A-de58ca,2023-07-01,285.0
A-712f1c,2024-02-01,8756.0
A-19b2c8,2024-02-01,3980.0
A-e7a1e2,2024-07-01,2786.0
A-7a0d69,2024-09-01,595.0
A-7f8241,2024-10-01,646.0
A-533452,2024-11-01,17273.0
A-075038,2024-01-01,2773.0
A-d4e0d4,2024-11-01,54522.0
A-f5641b,2024-10-01,8031.0
A-c43359,2024-12-01,9006.0
A-149a69,2024-12-01,8058.0
A-9f2731,2024-11-01,3613.0
A-b07b56,2024-12-01,11884.0
A-8145a0,2024-03-01,995.0
A-91e948,2023-08-01,779.0
A-db5e9e,2024-12-01,8282.0
A-e1b9cd,2024-02-01,7960.0
A-0a282f,2024-08-01,3781.0
A-e43bf7,2023-07-01,13930.0
A-3d957b,2024-07-01,2107.0
A-cb5333,2024-05-01,0.0
A-bd4513,2024-12-01,20150.0
A-1d5444,2024-08-01,8159.0
A-f25509,2024-10-01,2303.0
A-02cd81,2024-04-01,0.0
A-05f0e5,2024-08-01,1568.0
A-2d4502,2024-12-01,7354.0
A-d62e02,2024-12-01,6285.0
A-19b2c8,2024-07-01,6028.0
A-812c5b,2024-10-01,3740.0
A-a7bd4b,2023-06-01,0.0
A-4bfa33,2024-12-01,5606.0
A-e60f9d,2024-10-01,18453.0
A-692f18,2024-05-01,294.0
A-712f1c,2024-01-01,3839.0
A-f44180,2024-06-01,1127.0
A-02fac6,2024-09-01,5874.0
A-fd9422,2024-08-01,1102.0
A-80eeb6,2024-04-01,12935.0
A-b7ef83,2024-10-01,1231.0
A-2d1036,2024-09-01,10695.0
A-4e0e85,2024-02-01,1194.0
A-5790f4,2024-12-01,18926.0
A-69fad4,2023-12-01,1990.0
A-5b1bcd,2024-03-01,14527.0
A-eb1312,2024-12-01,8423.0
A-029f69,2024-11-01,891.0
A-72799b,2023-12-01,380.0
A-19b2c8,2024-01-01,3980.0
A-d77f4c,2024-07-01,11288.0
A-ced9aa,2024-12-01,3985.0
A-3cc791,2024-01-01,0.0
A-05d3b3,2023-11-01,209.0
A-4e0e85,2024-07-01,294.0
A-faa28c,2024-11-01,9552.0
A-3b5cd1,2024-12-01,10547.0
A-9779ad,2024-08-01,1960.0
A-4e44e8,2024-09-01,16294.0
A-39b19f,2024-05-01,5432.0
A-8b25f2,2024-10-01,893.0
A-08e34e,2024-07-01,686.0
A-712f1c,2024-12-01,8196.0
A-0dbdc6,2024-04-01,1470.0
A-956988,2024-12-01,29407.0
A-cb6cc6,2023-08-01,513.0
A-e888d1,2024-11-01,686.0
A-58b9ff,2024-06-01,294.0
A-118d55,2024-12-01,11694.0
A-157070,2024-09-01,1983.0
A-3cc791,2024-12-01,1764.0
A-249769,2024-06-01,824.0
A-00cac8,2024-03-01,152.0
A-2d4502,2024-07-01,9318.0
A-72799b,2023-11-01,3980.0
A-354f12,2024-11-01,133.0
A-f19b24,2024-08-01,551.0
A-484819,2023-05-01,3582.0
A-05d3b3,2024-10-01,3781.0
A-756192,2024-07-01,3781.0
A-977ca0,2024-08-01,1715.0
A-a45270,2024-09-01,551.0
A-fabe19,2024-12-01,13333.0
A-756192,2024-12-01,1862.0
A-b07346,2024-11-01,11118.0
A-1f559b,2024-06-01,1690.0
A-09316c,2024-09-01,29190.0
A-40a557,2024-01-01,3184.0
A-ad296b,2024-08-01,7562.0
A-a0ca4e,2024-05-01,418.0
A-779e4e,2024-09-01,2223.0
A-af0cd2,2024-09-01,361.0
A-08e34e,2024-12-01,5628.0
A-019782,2023-08-01,6506.0
A-7f8241,2023-11-01,0.0
A-c7ffc2,2024-12-01,931.0
A-5a215a,2024-09-01,51939.0
A-34ea2f,2024-10-01,4770.0
A-7988d1,2024-04-01,627.0
A-f6b2fb,2024-08-01,14964.0
A-9208f0,2024-08-01,0.0
A-700ade,2024-12-01,999.0
A-c7ffc2,2024-02-01,7440.0
A-e5d6ab,2023-05-01,95.0
A-fe79a5,2024-11-01,1791.0
A-09540c,2024-11-01,3283.0
A-186a44,2024-05-01,0.0
A-1619f8,2024-07-01,551.0
A-6da850,2024-09-01,245.0
A-c37601,2024-12-01,17785.0
A-e1b9cd,2024-01-01,1520.0
A-2e3bad,2023-08-01,12139.0
A-e61e98,2024-09-01,6766.0
A-d42431,2024-08-01,8756.0
A-55f257,2024-08-01,4179.0
A-3cc791,2024-07-01,294.0
A-e7a1e2,2024-12-01,8946.0
A-503d5a,2024-05-01,0.0
A-4c56c9,2024-05-01,2758.0
A-af0cd2,2023-04-01,1862.0
A-d922bf,2023-11-01,6368.0
A-3ce5b8,2024-03-01,1764.0
A-ffc04f,2024-10-01,1227.0
A-ad3abd,2023-03-01,8756.0
A-1e1b80,2023-10-01,950.0
A-35083d,2024-04-01,931.0
A-7f4db3,2024-03-01,784.0
A-b11cd0,2024-07-01,1274.0
A-4814a3,2024-10-01,18966.0
A-075038,2024-07-01,4216.0
A-d792a6,2024-04-01,196.0
A-1e1b80,2024-09-01,0.0
A-417d2f,2024-02-01,5174.0
A-96bbc6,2024-09-01,5047.0
A-86902e,2024-12-01,6766.0
A-e1b9cd,2024-12-01,3920.0
A-72799b,2024-10-01,2989.0
A-3b5cd1,2024-01-01,551.0
A-af0cd2,2023-10-01,1292.0
A-3c1a3f,2024-04-01,398.0
A-3b5cd1,2024-02-01,3582.0
A-b11cd0,2024-02-01,1764.0
A-417d2f,2024-01-01,266.0
A-ff3c73,2024-06-01,0.0
A-c608c8,2024-10-01,1029.0
A-600734,2024-06-01,1911.0
A-e98302,2024-11-01,304.0
A-f97b9a,2024-07-01,304.0
A-71615e,2024-08-01,13444.0
A-4e0e85,2024-12-01,0.0
A-96215d,2024-08-01,1990.0
A-c608c8,2023-12-01,539.0
A-2b9d3e,2024-04-01,19.0
A-8bde0c,2024-11-01,1176.0
A-1f7acb,2023-09-01,12736.0
A-acb7f7,2024-06-01,1568.0
A-425e76,2023-11-01,3479.0
A-508199,2024-04-01,3781.0
A-f17767,2024-03-01,441.0
A-922109,2024-08-01,0.0
A-d77f4c,2024-02-01,1421.0
A-9289f6,2024-09-01,3383.0
A-cc98bc,2023-12-01,1216.0
A-2edab2,2024-03-01,1666.0
A-a6d261,2024-04-01,20497.0
A-8ed5dd,2024-08-01,95.0
A-94f8c9,2024-10-01,3630.0
A-d77f4c,2024-12-01,196.0
A-32728c,2024-05-01,380.0
A-40a557,2024-12-01,3184.0
A-52dd88,2024-11-01,532.0
A-4e960a,2024-04-01,18706.0
A-fa3095,2024-06-01,15260.0
A-00bed1,2024-04-01,1372.0
A-02fac6,2023-10-01,1078.0
A-cc8c8f,2024-06-01,5572.0
A-f1f639,2024-09-01,1791.0
A-84ebe4,2024-03-01,1666.0
A-e51ec7,2024-09-01,0.0
A-6da850,2023-10-01,1666.0
A-96e141,2023-10-01,0.0
A-f97b9a,2024-12-01,784.0
A-cab532,2023-05-01,4975.0
A-3a5ad8,2024-03-01,0.0
A-67be94,2024-06-01,10348.0
A-8ae3fc,2024-10-01,0.0
A-b9eed8,2024-08-01,1128.0
A-993085,2024-09-01,4655.0
A-e6afc1,2024-08-01,4263.0
A-4d1e75,2024-10-01,13882.0
A-00bed1,2024-07-01,6944.0
A-1b9609,2023-12-01,930.0
A-d3c88e,2024-12-01,18247.0
A-f03140,2024-11-01,0.0
A-4e960a,2024-02-01,0.0
A-2e4581,2024-11-01,4709.0
A-d77f4c,2024-04-01,20298.0
A-5a92e7,2024-09-01,1813.0
A-7d514c,2024-11-01,1029.0
A-d792a6,2024-01-01,1764.0
A-993085,2023-10-01,15920.0
A-d4ac0e,2024-08-01,1737.0
A-4e631b,2024-07-01,418.0
A-8145a0,2023-11-01,1791.0
A-ce66f8,2024-07-01,10205.0
A-592832,2024-12-01,9999.0
A-52dd88,2023-03-01,1274.0
A-712f1c,2024-04-01,4265.0
A-9f9299,2024-08-01,5572.0
A-35083d,2024-12-01,9751.0
A-dcc3f1,2024-08-01,4378.0
A-ac85cd,2024-10-01,2597.0
A-4e0e85,2024-04-01,1194.0
A-0dbdc6,2024-12-01,2303.0
A-7988d1,2024-12-01,0.0
A-118f1c,2024-11-01,6368.0
A-bcf664,2024-08-01,962.0
A-751c58,2024-12-01,6523.0
A-e693b6,2024-09-01,2090.0
A-b48f73,2024-11-01,6960.0
A-a09355,2024-11-01,16165.0
A-716841,2024-09-01,2205.0
A-72799b,2024-03-01,980.0
A-bbc346,2024-12-01,6353.0
A-337bc1,2024-08-01,760.0
A-c37cab,2024-11-01,247.0
A-c608c8,2024-03-01,3871.0
A-cb5333,2024-06-01,2244.0
A-977ca0,2023-02-01,1194.0
A-ff79f2,2024-10-01,17524.0
A-d82ef9,2024-07-01,3849.0
A-684255,2024-08-01,5067.0
A-3a5ad8,2023-12-01,0.0
A-2bc93d,2024-08-01,0.0
A-86902e,2024-04-01,6766.0
A-075038,2024-04-01,323.0
A-e36807,2024-07-01,2786.0
A-35083d,2024-01-01,646.0
A-c4ea60,2024-02-01,0.0
A-e36807,2024-12-01,2988.0
A-a6d261,2024-02-01,1813.0
A-c16cf7,2024-12-01,2041.0
A-35083d,2024-07-01,2419.0
A-20736a,2024-10-01,15725.0
A-f9cc74,2024-10-01,13410.0
A-0be015,2024-10-01,361.0
A-3793ee,2024-07-01,9751.0
A-afa505,2024-01-01,3430.0
A-4e631b,2024-12-01,418.0
A-503d5a,2024-06-01,294.0
A-2d4502,2024-04-01,392.0
A-de58ca,2023-10-01,12338.0
A-bf7919,2024-12-01,1560.0
A-a1bbb6,2024-02-01,392.0
A-8b25f2,2024-03-01,294.0
A-4e960a,2024-07-01,2388.0
A-a6d261,2024-01-01,2985.0
A-313be3,2023-11-01,0.0
A-2edab2,2023-11-01,1156.0
A-8ae05d,2024-08-01,1634.0
A-c16101,2024-09-01,4826.0
A-cd458b,2024-12-01,14803.0
A-692f18,2024-06-01,2695.0
A-e693b6,2023-10-01,2695.0
A-241e75,2024-10-01,95.0
A-0532a9,2024-09-01,361.0
A-de58ca,2024-09-01,7164.0
A-c4ea60,2024-07-01,4464.0
A-e888d1,2023-09-01,3184.0
A-751c58,2024-07-01,2985.0
A-560d27,2024-07-01,15920.0
A-f17767,2023-12-01,7761.0
A-5ed98d,2024-09-01,1176.0
A-b2225d,2024-08-01,3196.0
A-7f6b86,2024-10-01,0.0
A-40906c,2024-09-01,6256.0
A-f1f639,2023-07-01,95.0
A-af0cd2,2023-07-01,0.0
A-c7e58b,2023-08-01,57.0
A-0dbdc6,2024-07-01,1470.0
A-80eeb6,2024-02-01,10179.0
A-fdfc91,2024-05-01,1421.0
A-7da956,2024-07-01,884.0
A-9289f6,2023-07-01,646.0
A-5a3eb9,2024-08-01,1865.0
A-ab438f,2024-12-01,3224.0
A-22d9d2,2024-11-01,3184.0
A-bb2f49,2023-12-01,1592.0
A-a6d261,2024-07-01,342.0
A-aa9511,2024-06-01,2254.0
A-940b8b,2024-11-01,0.0
A-5b1bcd,2024-10-01,18104.0
A-6a4e2d,2023-05-01,0.0
A-4a4c2d,2023-08-01,1026.0
A-cea1f0,2024-06-01,1045.0
A-bbe56f,2023-08-01,4179.0
A-40de06,2024-09-01,1672.0
A-f17767,2023-11-01,1165.0
A-bcf87c,2024-10-01,513.0
A-3ce5b8,2023-12-01,9261.0
A-afa505,2024-07-01,17360.0
A-c62e55,2024-11-01,1470.0
A-c58f49,2024-11-01,27860.0
A-4a4c2d,2023-09-01,10746.0
A-2b9d3e,2024-12-01,398.0
A-3932db,2024-11-01,6965.0
A-ba6516,2024-04-01,1026.0
A-7f29a7,2024-11-01,3567.0
A-7641d3,2023-04-01,1744.0
A-df10db,2023-08-01,266.0
A-65aeb5,2024-09-01,13376.0
A-544d0a,2024-11-01,0.0
A-d792a6,2024-07-01,796.0
A-b7b7b7,2024-07-01,2352.0
A-e1462e,2024-07-01,2254.0
A-91e948,2024-11-01,8159.0
A-f97b9a,2024-04-01,5970.0
A-a8d89d,2024-06-01,686.0
A-fa3095,2024-05-01,1330.0
A-ee42db,2024-02-01,456.0
A-b3fe05,2024-12-01,0.0
A-54ecc2,2024-08-01,713.0
A-40de06,2023-10-01,1372.0
A-7df7a7,2023-10-01,2587.0
A-328bd0,2023-08-01,3582.0
A-98a59a,2024-02-01,2744.0
A-a33200,2024-12-01,3050.0
A-ee42db,2024-01-01,0.0
A-eb7c38,2024-05-01,17910.0
A-bbe56f,2023-09-01,399.0
A-f19409,2024-06-01,0.0
A-7920cc,2024-06-01,1911.0
A-1e6fc3,2024-08-01,0.0
A-089363,2024-11-01,13731.0
A-c16b88,2024-03-01,0.0
A-e888d1,2023-08-01,3184.0
A-00cac8,2023-12-01,361.0
A-016043,2024-09-01,4227.0
A-e40f45,2024-11-01,399.0
A-ee42db,2024-12-01,570.0
A-bad8c1,2024-06-01,1813.0
A-2edab2,2023-12-01,323.0
A-ac14bb,2023-09-01,1029.0
A-4e960a,2024-12-01,228.0
A-1b9609,2024-10-01,0.0
A-313be3,2023-12-01,2303.0
A-4f18f0,2024-08-01,475.0
A-df10db,2023-09-01,436.0
A-80eeb6,2024-12-01,4378.0
A-3793ee,2024-01-01,2401.0
A-328bd0,2023-09-01,1617.0
A-4ae22a,2024-08-01,294.0
A-00cac8,2024-10-01,3980.0
A-b7b7b7,2024-12-01,1176.0
A-4c6f11,2024-03-01,4776.0
A-02cd81,2024-12-01,2156.0
A-2edab2,2024-10-01,323.0
A-3ce5b8,2024-10-01,0.0
A-c1dfe1,2024-09-01,494.0
A-de58ca,2023-04-01,735.0
A-508199,2024-02-01,874.0
A-508199,2024-01-01,3781.0
A-0a62f5,2024-09-01,3184.0
A-7988d1,2024-07-01,627.0
A-3cc791,2024-04-01,304.0
A-779e4e,2023-07-01,11542.0
A-560d27,2024-12-01,0.0
A-7641d3,2023-10-01,0.0
A-508199,2024-12-01,0.0
A-bc4d48,2024-11-01,6965.0
A-69fad4,2024-03-01,0.0
A-ccc747,2024-10-01,1127.0
A-098560,2024-09-01,5904.0
A-afa505,2024-02-01,0.0
A-bb3bd4,2024-09-01,437.0
A-5b1bcd,2023-11-01,14527.0
A-526d93,2024-06-01,855.0
A-7f4db3,2024-10-01,0.0
A-cd458b,2024-07-01,5364.0
A-02cd81,2024-07-01,2156.0
A-f446b6,2024-09-01,95.0
A-c1dfe1,2023-10-01,494.0
A-6dee43,2024-08-01,2695.0
A-794a0b,2023-12-01,437.0
A-c4ea60,2024-12-01,3582.0
A-c45b23,2024-09-01,0.0
A-2446e3,2024-10-01,5373.0
A-5c9849,2024-11-01,13934.0
A-e4144b,2024-12-01,19106.0
A-2789e3,2024-10-01,3025.0
A-ccb686,2024-08-01,13566.0
A-8adedc,2024-04-01,6657.0
A-f3ff05,2024-08-01,1127.0
A-6e08f3,2024-12-01,5819.0
A-029f69,2024-05-01,6050.0
A-157070,2024-10-01,4577.0
A-d27f50,2024-08-01,5167.0
A-fdfc91,2023-08-01,551.0
A-180abf,2024-01-01,0.0
A-6da850,2023-12-01,245.0
A-e60f9d,2024-09-01,1421.0
A-1e1b80,2023-12-01,13497.0
A-2f6a32,2024-11-01,2755.0
A-44dc83,2024-09-01,0.0
A-902ef7,2024-12-01,22161.0
A-712533,2024-01-01,4660.0
A-22d9d2,2024-06-01,2646.0
A-0aaf6e,2024-08-01,456.0
A-39868b,2024-04-01,1791.0
A-faa28c,2024-05-01,0.0
A-c1dfe1,2024-03-01,5174.0
A-94c3cd,2024-08-01,0.0
A-fdfc91,2023-09-01,551.0
A-779e4e,2023-11-01,7164.0
A-3a7284,2024-12-01,20202.0
A-427b69,2024-11-01,9363.0
A-4e44e8,2024-10-01,190.0
A-96e141,2023-12-01,1568.0
A-b9f5b1,2024-07-01,2985.0
A-625d0b,2024-11-01,4979.0
A-8b25f2,2024-09-01,5971.0
A-cbd1a3,2024-12-01,5311.0
A-e83938,2024-07-01,1617.0
A-0cc442,2024-07-01,0.0
A-855a48,2024-03-01,3052.0
A-157070,2023-12-01,323.0
A-6f50ae,2024-01-01,4142.0
A-6f50ae,2024-07-01,2009.0
A-7f4db3,2023-07-01,833.0
A-702032,2024-11-01,532.0
A-0cc442,2024-12-01,8955.0
A-bc4d48,2024-06-01,665.0
A-342303,2024-07-01,1372.0
A-86fc1d,2024-12-01,0.0
A-f51f16,2024-02-01,532.0
A-fe79a5,2024-05-01,1791.0
A-e1b9cd,2023-05-01,5660.0
A-05f0e5,2023-06-01,8622.0
A-e51ec7,2024-10-01,16517.0
A-9c18c4,2023-08-01,4009.0
A-039727,2024-11-01,13350.0
A-1e1b80,2023-11-01,9950.0
A-e351e1,2024-12-01,627.0
A-0651a4,2024-10-01,11940.0
A-cea1f0,2024-11-01,0.0
A-a1b80b,2024-07-01,2486.0
A-544d0a,2024-06-01,503.0
A-d40bf7,2024-12-01,18644.0
A-7d514c,2024-06-01,833.0
A-5a184f,2023-08-01,0.0
A-cab532,2024-02-01,0.0
A-e61e98,2023-11-01,2744.0
A-b7ef83,2024-09-01,4305.0
A-f44180,2023-03-01,1791.0
A-37f969,2024-08-01,570.0
A-cab532,2024-12-01,1715.0
A-cc98bc,2024-09-01,0.0
A-712533,2024-12-01,882.0
A-d922bf,2024-09-01,2985.0
A-6da850,2024-10-01,6494.0
A-e40f45,2024-06-01,399.0
A-098560,2024-03-01,588.0
A-940b8b,2024-06-01,199.0
A-05d3b3,2024-09-01,171.0
A-180abf,2024-07-01,1216.0
A-7a0d69,2024-10-01,5174.0
A-67be94,2023-09-01,7363.0
A-7920cc,2024-11-01,1911.0
A-49b828,2023-08-01,4975.0
A-e83938,2024-02-01,3184.0
A-e51ec7,2023-11-01,4975.0
A-10b8da,2024-09-01,1666.0
A-484819,2024-07-01,418.0
A-089363,2024-06-01,57.0
A-474ad4,2024-04-01,152.0
A-e888d1,2024-05-01,686.0
A-87aa7b,2024-08-01,1651.0
A-34d880,2024-08-01,779.0
A-65aeb5,2024-03-01,12537.0
A-034368,2024-12-01,4577.0
A-43a9e3,2024-03-01,1026.0
A-a8b49c,2024-02-01,1578.0
A-180abf,2024-12-01,6272.0
A-297a2d,2024-03-01,1323.0
A-40de06,2024-03-01,1372.0
A-adc1f3,2024-12-01,3922.0
A-50f3f7,2024-04-01,969.0
A-396e5f,2024-12-01,2064.0
A-7641d3,2024-03-01,0.0
A-54d94a,2024-08-01,1323.0
A-bc87bc,2024-11-01,11144.0
A-271f46,2024-01-01,0.0
A-b7724f,2024-12-01,1900.0
A-8b0451,2024-11-01,8938.0
A-180abf,2024-02-01,3136.0
A-cab532,2024-07-01,1666.0
A-76fa4d,2024-12-01,30843.0
A-8e47ca,2024-04-01,9950.0
A-02fac6,2024-10-01,5456.0
A-53f4e3,2024-10-01,4899.0
A-a0ca4e,2024-11-01,0.0
A-bb2f49,2023-07-01,9751.0
A-5c046d,2024-09-01,18507.0
A-9badbd,2024-08-01,2280.0
A-e3bd71,2024-06-01,2508.0
A-df1e44,2024-06-01,816.0
A-2ebb4b,2024-06-01,8159.0
A-51ec1b,2024-10-01,2520.0
A-5a215a,2024-10-01,5916.0
A-c70870,2024-12-01,39025.0
A-6e08f3,2024-07-01,544.0
A-df10db,2024-05-01,7841.0
A-34ea2f,2024-09-01,1671.0
A-13466a,2024-05-01,4378.0
A-158f4e,2023-06-01,2318.0
A-dcc2f0,2024-11-01,1026.0
A-ef84cf,2024-05-01,6766.0
A-5b051a,2024-12-01,1078.0
A-e83938,2024-12-01,1026.0
A-6e7827,2023-08-01,392.0
A-e61e98,2023-12-01,1960.0
A-019782,2024-06-01,266.0
A-e5d6ab,2024-07-01,3328.0
A-6e08f3,2024-02-01,6965.0
A-30b4ca,2024-05-01,51342.0
A-7e0a10,2024-06-01,874.0
A-ae052e,2024-11-01,1960.0
A-e693b6,2024-03-01,10945.0
A-d922bf,2023-10-01,5970.0
A-ffc04f,2024-09-01,7348.0
A-a45270,2024-10-01,2786.0
A-9affe6,2024-02-01,1421.0
A-ac9111,2024-02-01,0.0
A-aa9511,2024-11-01,437.0
A-39b19f,2024-11-01,247.0
A-0baac2,2024-06-01,5771.0
A-ac9111,2024-12-01,4578.0
A-56962b,2024-12-01,32437.0
A-2d1036,2024-10-01,13731.0
A-186a44,2024-11-01,9353.0
A-202b67,2024-05-01,3528.0
A-7f8241,2023-10-01,6766.0
A-f17767,2023-07-01,441.0
A-10b8f2,2024-12-01,2352.0
A-af0cd2,2024-10-01,1083.0
A-ac9111,2024-07-01,1127.0
A-a8d89d,2024-11-01,5572.0
A-503d5a,2024-11-01,190.0
A-484819,2024-01-01,3582.0
A-72799b,2024-09-01,0.0
A-378b99,2024-12-01,2376.0
A-1f7acb,2024-06-01,0.0
A-50bb9f,2024-11-01,1470.0
A-d5a319,2024-11-01,11940.0
A-328bd0,2024-05-01,1813.0
A-cc98bc,2023-10-01,608.0
A-4814a3,2024-09-01,4263.0
A-5a184f,2023-09-01,1406.0
A-f44180,2023-08-01,1791.0
A-151c9a,2023-07-01,1421.0
A-354f12,2024-05-01,6766.0
A-9289f6,2023-12-01,19.0
A-c9bb3e,2024-04-01,7742.0
A-7df7a7,2024-03-01,343.0
A-ffdfd5,2024-04-01,539.0
A-5b4ebb,2024-08-01,988.0
A-10b8f2,2024-01-01,893.0
A-09316c,2024-10-01,0.0
A-6f50ae,2024-12-01,3781.0
A-2e3bad,2024-06-01,12139.0
A-09540c,2024-05-01,13333.0
A-b7724f,2024-07-01,228.0
A-526d93,2024-11-01,8557.0
A-e2cd1b,2024-10-01,0.0
A-fa3095,2023-09-01,0.0
A-9289f6,2023-11-01,0.0
A-67be94,2023-08-01,494.0
A-6a4e2d,2024-04-01,380.0
A-c608c8,2023-10-01,1194.0
A-02fac6,2023-11-01,4378.0
A-4c56c9,2024-11-01,3582.0
A-977ca0,2023-06-01,0.0
A-31ab9a,2024-08-01,0.0
A-b20d99,2024-08-01,380.0
A-712533,2024-07-01,3582.0
A-dfbd31,2024-08-01,456.0
A-c7ffc2,2023-05-01,6468.0
A-7920cc,2024-07-01,10413.0
A-aa9511,2024-02-01,19303.0
A-7920cc,2024-02-01,9243.0
A-7c5768,2024-09-01,1178.0
A-7f8241,2024-08-01,1666.0
A-17939a,2024-12-01,9669.0
A-cea1f0,2024-12-01,5771.0
A-902ef7,2024-11-01,1577.0
A-0e966d,2024-11-01,3063.0
A-71615e,2024-10-01,1971.0
A-d5a319,2024-07-01,2985.0
A-8ed5dd,2023-11-01,340.0
A-2f6a32,2024-12-01,1292.0
A-526d93,2024-07-01,2107.0
A-712f1c,2024-05-01,2185.0
A-94f8c9,2024-08-01,5174.0
A-7cfe77,2024-08-01,4692.0
A-d40bf7,2024-11-01,24603.0
A-cbd1a3,2024-11-01,11040.0
A-37f969,2023-10-01,1470.0
A-432483,2023-04-01,245.0
A-f3ff05,2024-09-01,7884.0
A-4c56c9,2024-07-01,1110.0
A-0a282f,2024-10-01,9329.0
A-9badbd,2024-09-01,5014.0
A-72799b,2024-08-01,3980.0
A-05d3b3,2024-08-01,897.0
A-f19409,2024-12-01,665.0
A-a1b80b,2024-11-01,0.0
A-4c56c9,2024-12-01,6106.0
A-a0ca4e,2024-12-01,5174.0
A-d922bf,2024-08-01,0.0
A-0cc442,2024-11-01,17910.0
A-337bc1,2024-03-01,6169.0
A-86902e,2024-05-01,1666.0
A-039727,2024-12-01,23070.0
A-186a44,2024-12-01,4360.0
A-b9eed8,2024-03-01,2985.0
A-cab532,2024-11-01,1941.0
A-dcc3f1,2024-03-01,0.0
A-692f18,2024-07-01,9344.0
A-702032,2024-12-01,1904.0
A-7920cc,2024-01-01,0.0
A-5b4ebb,2024-09-01,399.0
A-fce879,2024-12-01,399.0
A-cdf020,2024-04-01,4577.0
A-d42431,2024-10-01,5043.0
A-5c046d,2024-08-01,1767.0
A-560d27,2024-06-01,1127.0
A-afa505,2024-06-01,13930.0
A-32fb14,2023-09-01,494.0
A-524364,2024-12-01,9552.0
A-bc87bc,2024-12-01,546.0
A-712533,2024-11-01,4038.0
A-d77f4c,2024-05-01,2587.0
A-4c6f11,2024-08-01,456.0
A-dcc2f0,2024-01-01,6169.0
A-9077b0,2024-08-01,38.0
A-186a44,2024-07-01,380.0
A-781cc0,2024-10-01,5309.0
A-8b0451,2024-12-01,19106.0
A-7da956,2024-06-01,0.0
A-158f4e,2023-12-01,2989.0
A-e4144b,2024-11-01,16318.0
A-3a7284,2024-11-01,15317.0
A-9f9299,2024-03-01,532.0
A-eb7fac,2024-09-01,4920.0
A-425e76,2024-08-01,3114.0
A-a7bd4b,2024-09-01,513.0
A-034368,2024-11-01,551.0
A-5a3eb9,2024-03-01,1224.0
A-94d3da,2023-09-01,0.0
A-e36807,2024-06-01,3401.0
A-49b828,2024-04-01,1225.0
A-aa9511,2024-12-01,5970.0
A-6dee43,2024-03-01,57.0
A-ba6516,2024-05-01,5373.0
A-19b2c8,2024-05-01,980.0
A-02cd81,2024-06-01,10912.0
A-ccabf0,2024-09-01,199.0
A-5c9849,2024-12-01,22821.0
A-9affe6,2024-11-01,1127.0
A-3b37d9,2024-11-01,4577.0
A-cb5333,2024-07-01,2947.0
A-600734,2024-04-01,1102.0
A-f6b2fb,2024-10-01,1127.0
A-e89151,2024-03-01,4577.0
A-180abf,2024-11-01,1216.0
A-76fa4d,2024-11-01,30843.0
A-692f18,2024-12-01,7562.0
A-d5a319,2024-01-01,14215.0
A-ac9111,2024-11-01,6368.0
A-6e7827,2024-04-01,1862.0
A-378b99,2024-11-01,6096.0
A-702032,2024-07-01,0.0
A-7920cc,2024-12-01,13731.0
A-6f50ae,2024-11-01,3781.0
A-fd9422,2024-10-01,1102.0
A-adc1f3,2024-11-01,9950.0
A-c70870,2024-11-01,589.0
A-396e5f,2024-11-01,343.0
A-a7bd4b,2023-10-01,712.0
A-eb7c38,2024-04-01,2109.0
A-6c093d,2023-08-01,637.0
A-f17767,2023-02-01,686.0
A-158f4e,2023-11-01,1159.0
A-5b051a,2024-11-01,418.0
A-625d0b,2024-12-01,2624.0
A-81edc3,2023-11-01,1583.0
A-342303,2024-11-01,0.0
A-1f559b,2024-04-01,2891.0
A-b3fe05,2024-06-01,0.0
A-ffc04f,2024-08-01,0.0
A-9779ad,2024-10-01,7960.0
A-bb1eaa,2024-09-01,4179.0
A-cb5333,2024-12-01,2244.0
A-9ee962,2023-08-01,1470.0
A-503d5a,2024-12-01,11940.0
A-427b69,2024-12-01,3706.0
A-bad8c1,2024-02-01,2388.0
A-484819,2024-11-01,3582.0
A-ed510f,2023-07-01,798.0
A-a8d89d,2024-12-01,323.0
A-dfbd31,2024-09-01,2107.0
A-94c3cd,2024-09-01,855.0
A-4e960a,2024-06-01,988.0
A-68f37c,2024-02-01,2266.0
A-82861f,2024-05-01,12422.0
A-50bb9f,2024-12-01,4410.0
A-56962b,2024-11-01,0.0
A-67be94,2024-04-01,494.0
A-96215d,2024-10-01,1029.0
A-1986ca,2024-09-01,13532.0
A-86fc1d,2024-11-01,5174.0
A-ee42db,2024-06-01,5635.0
A-068fc6,2024-10-01,665.0
A-2bc93d,2024-03-01,1805.0
A-8ed5dd,2023-12-01,2254.0
A-acb7f7,2024-04-01,2009.0
A-1f0636,2024-09-01,1995.0
A-6c093d,2023-09-01,0.0
A-3cc791,2024-05-01,588.0
A-bece89,2024-10-01,1862.0
A-e351e1,2024-11-01,0.0
A-05f0e5,2024-10-01,3185.0
A-a6d261,2024-06-01,912.0
A-37f969,2024-09-01,5970.0
A-e83938,2024-11-01,1393.0
A-f5641b,2024-08-01,6169.0
A-503d5a,2024-01-01,0.0
A-ae052e,2024-01-01,0.0
A-271f46,2024-11-01,9154.0
A-50bb9f,2024-07-01,6965.0
A-e5d6ab,2024-11-01,1568.0
A-b20d99,2024-09-01,1323.0
A-aa9511,2024-07-01,4577.0
A-c608c8,2024-08-01,95.0
A-922109,2024-10-01,0.0
A-075038,2024-05-01,703.0
A-87aa7b,2024-09-01,4776.0
A-9ee962,2023-09-01,0.0
A-832ec2,2024-03-01,95.0
A-ae052e,2024-12-01,0.0
A-432483,2024-09-01,637.0
A-726cfa,2023-07-01,980.0
A-a8d89d,2024-07-01,665.0
A-5a184f,2024-04-01,2786.0
A-6a4e2d,2023-08-01,4378.0
A-e1b9cd,2024-05-01,760.0
A-e888d1,2023-05-01,1026.0
A-cc8c8f,2024-11-01,4577.0
A-ef84cf,2024-06-01,152.0
A-3a5ad8,2024-09-01,0.0
A-95b24a,2024-01-01,8557.0
A-3ce5b8,2024-09-01,152.0
A-a1b80b,2024-04-01,3906.0
A-8ae3fc,2024-09-01,2278.0
A-cb6cc6,2024-05-01,0.0
A-9b9fe9,2024-08-01,245.0
A-474ad4,2024-12-01,4776.0
A-68f37c,2023-08-01,796.0
A-89ee83,2024-11-01,4122.0
A-e40f45,2024-05-01,6848.0
A-d49cc5,2024-02-01,950.0
A-e4bf56,2024-12-01,13828.0
A-40de06,2023-12-01,5572.0
A-cc102e,2024-09-01,3224.0
A-ee42db,2023-05-01,637.0
A-c16101,2024-10-01,2875.0
A-4a267b,2024-08-01,1225.0
A-f19409,2023-09-01,1666.0
A-2446e3,2024-09-01,5373.0
A-5a92e7,2024-10-01,1715.0
A-054577,2024-12-01,20093.0
A-32fb14,2024-07-01,1568.0
A-6965e1,2024-12-01,27765.0
A-7f6b86,2023-10-01,3746.0
A-e51ec7,2024-03-01,0.0
A-df1e44,2024-05-01,3087.0
A-4d1e75,2024-09-01,13698.0
A-ce550d,2024-11-01,14960.0
A-50f3f7,2024-07-01,2108.0
A-de24d5,2024-12-01,8113.0
A-6c093d,2024-07-01,12652.0
A-faa28c,2024-06-01,10464.0
A-f03140,2024-05-01,1885.0
A-883b7d,2024-08-01,19521.0
A-726cfa,2024-08-01,5839.0
A-331424,2024-01-01,2189.0
A-49b828,2024-11-01,4227.0
A-65a46c,2024-08-01,637.0
A-0a62f5,2024-10-01,784.0
A-462d45,2024-08-01,2786.0
A-f92792,2024-11-01,57.0
A-fa2041,2024-07-01,6454.0
A-4437e4,2024-10-01,1194.0
A-c62e55,2024-05-01,2985.0
A-2ebb4b,2024-05-01,2788.0
A-1b9609,2024-09-01,323.0
A-92a3af,2024-11-01,8190.0
A-c1e51e,2024-11-01,11910.0
A-b2af2e,2024-12-01,1026.0
A-ac85cd,2024-09-01,1007.0
A-016043,2024-10-01,4109.0
A-241e75,2024-09-01,903.0
A-0532a9,2024-10-01,6665.0
A-c222ab,2024-12-01,7936.0
A-f45426,2024-11-01,833.0
A-94d3da,2024-02-01,0.0
A-f19409,2023-08-01,4577.0
A-202b67,2024-06-01,4975.0
A-7f4db3,2024-09-01,0.0
A-7f4db3,2023-10-01,1687.0
A-05d3b3,2023-07-01,171.0
A-bb2f49,2023-10-01,441.0
A-59f724,2024-03-01,0.0
A-600734,2024-11-01,1764.0
A-9ee962,2024-07-01,171.0
A-5b1bcd,2024-09-01,14527.0
A-4ef964,2024-08-01,0.0
A-cc98bc,2023-07-01,6368.0
A-474ad4,2024-07-01,833.0
A-993085,2023-11-01,589.0
A-bcf664,2023-06-01,1121.0
A-c42f1f,2024-07-01,539.0
A-30b4ca,2024-06-01,17114.0
A-544d0a,2024-05-01,2107.0
A-180abf,2024-04-01,12736.0
A-038089,2024-07-01,1764.0
A-10b8f2,2024-04-01,11310.0
A-038089,2024-12-01,95.0
A-8adedc,2024-02-01,11343.0
A-4c38bc,2024-08-01,7164.0
A-6f50ae,2024-04-01,0.0
A-9bfc9f,2023-10-01,0.0
A-de58ca,2023-12-01,893.0
A-8145a0,2024-09-01,228.0
A-65aeb5,2024-10-01,171.0
A-8adedc,2024-07-01,3184.0
A-856b1e,2024-01-01,931.0
A-a1bbb6,2023-05-01,5572.0
A-50f3f7,2024-12-01,12338.0
A-7f8241,2023-07-01,1666.0
A-249769,2024-11-01,304.0
A-e83938,2024-04-01,0.0
A-43a9e3,2023-11-01,5914.0
A-5b1bcd,2023-10-01,29054.0
A-dec005,2024-08-01,4673.0
A-20736a,2024-09-01,9950.0
A-a865bd,2024-09-01,2744.0
A-d792a6,2023-05-01,1791.0
A-e19ff6,2024-08-01,0.0
A-f51f16,2024-04-01,49.0
A-50f3f7,2024-02-01,589.0
A-054577,2024-07-01,597.0
A-331424,2024-02-01,209.0
A-bb2f49,2024-09-01,686.0
A-712533,2024-04-01,0.0
A-b179bf,2024-11-01,8557.0
A-42e5e1,2024-08-01,3999.0
A-019782,2024-05-01,539.0
A-474ad4,2024-01-01,1270.0
A-5a215a,2024-03-01,17313.0
A-9289f6,2024-03-01,5959.0
A-4437e4,2023-11-01,323.0
A-bcbe98,2024-12-01,1748.0
A-798a3f,2024-08-01,5174.0
A-eb7c38,2024-11-01,686.0
A-d49cc5,2024-07-01,950.0
A-d5a319,2023-09-01,735.0
A-ad64c6,2024-08-01,588.0
A-098560,2023-12-01,1715.0
A-eafc6e,2024-08-01,5373.0
A-40de06,2024-10-01,5572.0
A-7f6b86,2024-09-01,11741.0
A-90a8c8,2024-08-01,1568.0
A-df10db,2024-06-01,57.0
A-3be56b,2024-12-01,380.0
A-5a184f,2024-11-01,684.0
A-c42f1f,2024-12-01,152.0
A-8145a0,2023-10-01,836.0
A-ffdfd5,2024-12-01,147.0
A-1e1b80,2024-03-01,9950.0
A-558c72,2024-01-01,2388.0
A-8e47ca,2024-07-01,361.0
A-e6afc1,2023-06-01,969.0
A-96e141,2024-03-01,1078.0
A-940b8b,2024-05-01,1064.0
A-ff79f2,2024-09-01,4577.0
A-fe79a5,2024-06-01,1791.0
A-bcbe98,2024-07-01,874.0
A-425e76,2023-07-01,392.0
A-6c093d,2024-01-01,133.0
A-ccc747,2024-09-01,784.0
A-acb7f7,2024-11-01,608.0
A-8e47ca,2024-02-01,931.0
A-186a44,2023-08-01,380.0
A-fa2041,2024-12-01,0.0
A-58b9ff,2024-11-01,1617.0
A-c4ea60,2023-05-01,342.0
A-3be56b,2024-02-01,1715.0
A-c45b23,2023-12-01,152.0
A-40de06,2023-11-01,1904.0
A-7df7a7,2023-12-01,2985.0
A-d49cc5,2024-12-01,950.0
A-7f4db3,2023-04-01,0.0
A-bad8c1,2023-09-01,798.0
A-993085,2024-10-01,8358.0
A-00cac8,2024-09-01,392.0
A-157070,2024-03-01,6965.0
A-40906c,2024-10-01,1748.0
A-69fad4,2023-07-01,285.0
A-9f0b68,2024-07-01,6567.0
A-3f9cc0,2024-08-01,5970.0
A-c1dfe1,2023-12-01,627.0
A-6a4e2d,2024-01-01,171.0
A-c45b23,2024-10-01,133.0
A-271f46,2024-04-01,0.0
A-50f3f7,2024-01-01,8955.0
A-098560,2024-10-01,760.0
A-6c093d,2024-12-01,0.0
A-716841,2024-10-01,855.0
A-313be3,2024-09-01,0.0
A-fda07f,2024-08-01,2786.0
A-856b1e,2024-02-01,1764.0
